Machine Name,Type,Ease of Use,Capacity (Liters),Power Consumption (kW),Price (INR),Price (USD),Brew Time (Minutes),Weight (kg),Brew Quality,Image URL
Aeropress Go,Manual Press,Easy,0.3,0,3399.15,39.99,3,0.4,Excellent,https://kcroasters.com/cdn/shop/products/aeropress-go-coffee-maker-3_2048x.jpg?v=1626864214
Ascaso Dream PID,Espresso,Advanced,1.3,1.1,84575,995,3.5,10,Exceptional,https://www.hebbey.com/cdn/shop/files/DREAM-PID-001-ANTRACITA_1200x1200.jpg?v=1688982552
BALMUDA The Brew,Drip,High,0.5,0.6,29665,349,4,3.7,Exceptional,https://us.balmuda.com/cdn/shop/products/EC_3.png?v=1681410359
Behmor Connected Coffee Maker,Drip,Moderate,1.2,1.3,16915,199,8,3.6,Good,https://www.wholelattelove.com/cdn/shop/products/15-brazenplus-brewer-w-cup_behmor_web_1000x1000_1_1_1000x.jpg?v=1551727299
Bella Pro Dual Brew 90192,Single Serve Coffee Maker,Compatible with K-Cups and ground coffee,1.4,1.2,11045.75,129.95,1.5,3,Flexible for various brew styles,https://i.ebayimg.com/images/g/ddsAAOSw0gRlMDVp/s-l1600.jpg
Black+Decker CM1160B,Drip,Easy,1.25,0.8,3399.15,39.99,9,2.1,Moderate,https://m.media-amazon.com/images/I/51ErPtDy21L._SL1500_.jpg
Bonaverde Berlin,"Roast, Grind, Brew",Moderate,1.2,1.45,76415,899,15,8,Exceptional,https://i.pcmag.com/imagery/reviews/035U7d0YzE6m46TTFzb1vgU-10..v1569479643.jpg
Bonavita Connoisseur BV1901TS,Drip Coffee Maker,One-touch brewing with thermal carafe,1.2,1.4,12745.75,149.95,6,3.5,Optimal temperature for consistent flavor,"https://m.media-amazon.com/images/I/71LO8NAxohL._AC_UF350,350_QL80_.jpg"
Bosch Tassimo My Way TAS6002GB,Pod,Easy,1.3,1.3,15215,179,1.5,3.1,Good,https://m.media-amazon.com/images/I/811g6HK2mfL.jpg
Breville Bambino Plus BES500BSS,Manual Espresso Machine,Quick heat-up and automatic milk texturing,1.5,1.6,42495.75,499.95,3,6.8,Consistent and creamy espresso shots,https://5.imimg.com/data5/SELLER/Default/2023/12/364926456/IH/RY/IX/2455005/breville-bambino-plus-espresso-machine-500x500.jpg
Breville Barista Express BES870XL,Espresso Machine with Grinder,Advanced,2,1.6,59495.75,699.95,2,10.6,Excellent,https://caramelly.in/cdn/shop/files/sagebreville-the-barista-express-espresso-machine-ses875-1_800x.jpg?v=1722408515
Breville Barista Pro BES878BSS,Semi-Automatic Espresso Machine,Integrated grinder and intuitive LCD display,2.2,1.8,67995.75,799.95,1.5,9,High-quality espresso with precise temperature control,https://images-cdn.ubuy.co.in/65780edfeb59741be05092ca-breville-barista-pro-espresso-machine.jpg
Breville Barista Touch BES880BSS,Espresso,Moderate,2.5,1.5,84995.75,999.95,3.8,8.9,Exceptional,https://encrypted-tbn0.gstatic.com/images?q=tbn:ANd9GcQMJLN6YKOgKccx4qgG6aR85tX1QK3PGZTdzw&s
Breville Café Roma ESP8XL,Espresso,Easy,1.2,1.5,21250,250,3.5,6.2,Excellent,https://m.media-amazon.com/images/I/71RbG6awmXL.jpg
Breville Duo-Temp Pro BES810,Espresso,Moderate,1.8,1.6,42495.75,499.95,3.2,7.8,Exceptional,https://www.breville.com/content/dam/breville/us/assets/espresso/finished-goods/bes810-the-duo-temp-pro/bes810bssusc-the-duo-temp-pro/images/BES810BSSUSC-the-duo-temp-pro-beverages-espresso-carousel2.jpg
Breville Grind Control,Drip Coffee Maker with Grinder,Advanced,1.8,1.55,29750,350,5,6.8,Excellent,https://www.breville.com/content/dam/breville/us/assets/espresso/finished-goods/bes810-the-duo-temp-pro/bes810bssusc-the-duo-temp-pro/images/BES810BSSUSC-the-duo-temp-pro-beverages-espresso-carousel2.jpg
Breville Oracle Touch BES990BSS,Fully Automatic Espresso Machine,Touchscreen with automatic grinding and frothing,2.5,2.4,212495.75,2499.95,1.5,15,Barista-quality espresso with milk microfoam,https://encrypted-tbn0.gstatic.com/images?q=tbn:ANd9GcR6Hav9SrVe64GweZZXZdz_2h0fZc5T07uAiA&s
Breville Precision Brewer BDC455,Drip,Moderate,1.8,1.65,28045.75,329.95,5.5,3.6,Excellent,https://encrypted-tbn0.gstatic.com/images?q=tbn:ANd9GcSaub3urywKJQaT3SfNDQGUUEvEAxmjqXrv0A&s
Breville Smart Grinder Pro BCG820BSS,Grind,Moderate,0.8,0.16,16995.75,199.95,5,2.4,Good,https://encrypted-tbn0.gstatic.com/images?q=tbn:ANd9GcSMvoK3PRRV8a5Oese1G7JcrOevwYe8ZhEQJg&s
Bunn Speed Brew Elite CSB2B,Drip,Easy,1.7,1.5,11049.15,129.99,4,3.9,Good,https://images-cdn.ubuy.co.in/6356b50bf9b0f470e1160856-bunn-csb2b-speed-brew-elite-10-cup.jpg
Café Smart Drip C7CDAAS3PD3,Smart Drip Coffee Maker,App-controlled brewing with WiFi compatibility,1.8,1.5,28045.75,329.95,7,3.6,Customizable brew strength and temperature,https://cdn11.bigcommerce.com/s-dj46qhetxl/images/stencil/1280x1280/products/123961/294281/6f3885cb93bfd0adcff11e43e8727592f78b60ae__70361.1679107598.jpg?c=1
Café Specialty Grind & Brew Coffee Maker (C7CGAAS4TW3),Bean-to-cup Grinder and Drip Coffee,Advanced,2.2,1.5,21245.75,249.95,5,6.35,Certified Gold Standard,https://s3.amazonaws.com/productuploader-uploads/staging/2/Image/9041613_1710745398_g3uaxkhipzphevbocmnh
Cafflano Kompact,Manual,Moderate,0.5,0,8415,99,3.5,0.8,Excellent,https://m.media-amazon.com/images/I/61-rZHMzhTL.jpg
Capresso Café TS Espresso 124.01,Espresso,Easy,1.3,1.4,33999.15,399.99,2.8,4,Excellent,https://cdn11.bigcommerce.com/s-59xg43cj3a/images/stencil/1280x1280/products/13730/15819/124.01_1__61368.1657726987.png?c=1
Capresso Steam PRO 304.01,Steam Espresso Maker,Compact and beginner-friendly,0.5,0.6,5949.15,69.99,4,2.5,"Good for small servings, moderate pressure",https://m.media-amazon.com/images/I/71gaytxtuSL.jpg
Cuisinart Burr Grind & Brew DGB-900BC,Drip Coffee Maker with Grinder,Easy to program with auto shut-off,1.25,1.1,19545.75,229.95,5,3.9,Rich and flavorful with burr grinding,https://encrypted-tbn0.gstatic.com/images?q=tbn:ANd9GcRSojBb3UAt70JisFLr7K-UPhyyNT5dohZv5w&s
Cuisinart Coffee Center Barista Bar 4-in-1 (SS-4N1),"Drip, Single-Serve, and Espresso Capsule Machine",Medium,2.1,1.2,25495.75,299.95,8,6.35,Excellent,https://www.cuisinart.com/dw/image/v2/ABAF_PRD/on/demandware.static/-/Sites-master-us/default/dw6d194a14/images/large/ss4n1_straight_hero.jpg?sw=1200&sh=1200&sm=fit
Cuisinart Coffee on Demand DCC-3000,Drip,Easy,2.1,1.25,10115,119,6,4.5,Good,"https://m.media-amazon.com/images/I/61O7R7L4Z8L._AC_UF1000,1000_QL80_.jpg"
Cuisinart PerfecTemp DCC-3200P1,Drip Coffee Maker,Medium,1.6,1.2,8500,100,7,3.4,Good,https://images.thdstatic.com/productImages/9ec462ef-8706-4509-b22d-5e523fd24442/svn/stainless-steel-cuisinart-drip-coffee-makers-dcc-3200p1-c3_600.jpg
Cuisinart Single Serve SS-10P1,Single Serve,Easy,1.2,1.2,12749.15,149.99,3,2.6,Good,https://encrypted-tbn0.gstatic.com/images?q=tbn:ANd9GcR5rQDA0O4ngOak6dIfatttd9LFEBwFUhJrAQ&s
DeLonghi All-in-One Combination Coffee Maker (COM532M),Drip & Espresso Machine,High,1.2,1.5,18695.75,219.95,6,6.17,Excellent,https://blog.bestbuy.ca/wp-content/uploads/2020/12/DeLonghi-All-in-One-review-7.jpg
De'Longhi Dedica EC685M,Manual Espresso Machine,Slim design with milk frother,1,1.3,25499.15,299.99,2.5,4.2,Balanced espresso with good froth quality,"https://m.media-amazon.com/images/I/61rAPKcQEwL._AC_UF894,1000_QL80_.jpg"
De'Longhi EC860,Espresso,Moderate,1.5,1.4,38165,449,2.5,4.2,Excellent,https://encrypted-tbn0.gstatic.com/images?q=tbn:ANd9GcTZDm1x2KRqMHpO0w5X-HTQyFmk_kYaHoE2Qg&s
De'Longhi Lattissima Pro EN750MB,Pod,Easy,1.3,1.3,50995.75,599.95,2.5,5.8,Exceptional,https://pdbimg.choice.com.au/delonghi-nespresso-lattissima-pro-en750mb_4.JPG
De'Longhi Magnifica Plus ECAM32070SB,Fully Automatic Coffee Machine,One-touch customization with LatteCrema system,2,1.9,118999.15,1399.99,2,9.8,Premium with consistent milk frothing,https://encrypted-tbn0.gstatic.com/images?q=tbn:ANd9GcQHyXPRTEu13FxM0stOYVM_acsE6kLxnfRAxw&s
De'Longhi PrimaDonna Elite ECAM650.55MS,Super Automatic,Moderate,2.5,1.45,254915,2999,1.5,11.5,Exceptional,https://images.jdmagicbox.com/quickquotes/images_main/delonghi_bean_to_cup_automatic_primadonna_elite_coffee_maker_metal_black_ecam_650_55_ms__25639703_0.jpg
Delter Coffee Press,Manual Press,Easy,0.4,0,2974.15,34.99,3.5,0.2,Good,https://m.media-amazon.com/images/I/71hLL0fA0UL.jpg
Drink Morning Coffee Maker,Pod,Moderate,0.8,1.2,50915,599,3.5,2.7,Exceptional,https://image-cdn.hypb.st/https%3A%2F%2Fhypebeast.com%2Fimage%2F2020%2F09%2Fmorning-machine-coffee-brewer-kickstarter-05.jpg?q=75&w=800&cbr=1&fit=max
Dualit Espress-auto 84460,Espresso,Moderate,1.5,1.25,25415,299,4,6,Good,https://pisces.bbystatic.com/image2/BestBuy_US/images/products/1584/1584053_ra.jpg
Espressione Concierge 8212S,Super Automatic,Easy,1.1,1.2,76415,899,2,6.8,Exceptional,https://encrypted-tbn0.gstatic.com/images?q=tbn:ANd9GcRWGlvtzlnJOXoC4USIljwwdW6pyw9s-Y9qNA&s
Fellow Ode Brew Grinder,Grind,Easy,0.8,0.14,25415,299,3,4.5,Good,https://www.benkibrewingtools.com/cdn/shop/products/ezgif.com-gif-maker_10_1024x1024.jpg?v=1602597674
Gaggia Brera Super Automatic,Super Automatic,Easy,1.25,1.4,42415,499,2.5,8.5,Excellent,https://m.media-amazon.com/images/I/91BJPPtFoHL.jpg
Gaggia Classic Pro RI9380/46,Espresso,Moderate,2.1,1.45,38165,449,2.8,7.2,Exceptional,https://encrypted-tbn0.gstatic.com/images?q=tbn:ANd9GcQgmFMm6WiF4s3WJkmVX9w6dtKGqD_c8wjE8w&s
GE Café Specialty Drip Coffee Maker C7CDAAS2PBS1,Smart Drip Coffee Maker,WiFi-enabled with Alexa/Google integration,1.9,1.6,29749.15,349.99,6,3.8,Excellent temperature control for smooth coffee,https://m.media-amazon.com/images/I/51tmHkyo75L.jpg
Hamilton Beach 2-Way Brewer 49980A,Drip/Single Serve,Easy,1.5,0.95,5949.15,69.99,7.9,2.9,Good,https://encrypted-tbn0.gstatic.com/images?q=tbn:ANd9GcQqwQYJaxLoTOIbKPm6Kpmmjfno7gqxNsLBTQ&s
Hamilton Beach FlexBrew 49976,Dual Coffee Maker,Single-serve or carafe brewing options,1.5,1.3,11045.75,129.95,4,2.8,Good for versatile coffee needs,https://crdms.images.consumerreports.org/prod/products/cr/models/392432-coffeemakers-hamiltonbeach-flexbrew2waybrewer49976.png
Hamilton Beach FlexBrew Single Serve 49974,Single Serve,Easy,0.6,1,5099.15,59.99,3.5,1.6,Good,https://encrypted-tbn0.gstatic.com/images?q=tbn:ANd9GcSeuzwQNQk9cxtIs7pNTIrUurMNiEfWWF-5MA&s
Hario V60 Drip Decanter,Manual Drip,Moderate,0.6,0,3400,40,5,0.6,Excellent,https://encrypted-tbn0.gstatic.com/images?q=tbn:ANd9GcTF1WRwpEjblmpLXNQhyJ0Zf9u6fVYc4BXz4A&s
Illy Y3.3 Iperespresso,Pod,Easy,0.9,1.25,12665,149,2.5,3.2,Excellent,"https://m.media-amazon.com/images/I/61dYq1FCcDL._AC_UF894,1000_QL80_.jpg"
Jura A1 Super Automatic,Espresso Machine,Medium,1.1,1.45,84915,999,1,9.4,Excellent,https://www.seattlecoffeegear.com/cdn/shop/articles/a1_imagegallery_2.jpg?v=1699905770
Jura ENA 8 Nordic White 15281,Fully Automatic Coffee Machine,Compact with touchscreen functionality,1.1,1.45,152915,1799,2,8.5,Excellent aroma and crema for espresso and coffee,https://www.torkecoffee.com/cdn/shop/products/ezgif-7-5c3e7a6a2175_600x600.png?v=1596814546
Jura GIGA 10 Specialty Coffee Machine,Fully Automatic Coffee Machine,Advanced touchscreen with multiple customization options,2.6,2.3,509995.75,5999.95,3,18.1,Exceptional with dual grinders and precise brewing,https://caramelly.in/cdn/shop/products/jura-giga10-coffee-machine-diamond-black-330778_1600x.jpg?v=1681642545
Jura Impressa E8 15226,Super Automatic,Easy,2.3,1.45,186915,2199,2,9.8,Exceptional,https://cdn.denbydalecoffee.co.uk/wp-content/uploads/2018/05/Jura-E8-Front.jpg
Jura Z10 15476,Fully Automatic Espresso & Coffee Machine,Advanced features with cold brew capability,2.4,1.6,339995.75,3999.95,3.5,11.2,Exceptional with cold brew innovations,https://jura-ksa.com/wp-content/uploads/2023/07/Z10_Diamond_Black_EA_15349_image2.jpg
Kalita Coffee Machine CM-102,Drip,Easy,1.2,0.9,10115,119,6,2.5,Good,"https://m.media-amazon.com/images/I/91pi37o3dTL._AC_UF894,1000_QL80_.jpg"
Kalita Wave 185 Dripper,Manual Drip,Moderate,0.5,0,3825,45,5,0.4,Excellent,https://m.media-amazon.com/images/I/51Vk5vuFw9L.jpg
Keurig K-Elite,Single-Serve Pod Machine,Very High,2.2,1.4,16149.15,189.99,0.5,3.9,Good,"https://m.media-amazon.com/images/I/71GkznDgpuL._AC_UF894,1000_QL80_.jpg"
Keurig K-Express Essentials,Single Serve,Easy,1.2,1.2,6799.15,79.99,3.2,2,Good,https://i5.walmartimages.com/asr/a3b8c98d-d41a-4006-af50-1389d897afcd.86be450aacd2d20ddcc71ee71aac2bf4.jpeg?odnHeight=768&odnWidth=768&odnBg=FFFFFF
Keurig K-Slim K910,Single Serve,Easy,1,1.15,9349.15,109.99,3,2,Good,https://encrypted-tbn0.gstatic.com/images?q=tbn:ANd9GcSJEh0yhprbCmBLWaruHpovSC0Ed8GfefTpSg&s
Keurig K-Supreme Plus SMART KSC84,Pod-Based Coffee Maker,WiFi-enabled with BrewID technology,1.8,1.5,16999.15,199.99,2,4,"Good, with strength and temperature customization","https://images-na.ssl-images-amazon.com/images/I/61zmGKxxd4S._AC_UL210_SR210,210_.jpg"
KitchenAid Cold Brew Coffee Maker KCM5912SX,Cold Brew Coffee Maker,Simple setup for cold brew enthusiasts,1.9,0,8499.15,99.99,12,2.6,Smooth and balanced cold brew,https://m.media-amazon.com/images/I/61Vnx+nAGbL.jpg
KitchenAid KCM1209OB,Drip,Easy,1.8,1.2,11049.15,129.99,8,2.8,Good,https://encrypted-tbn0.gstatic.com/images?q=tbn:ANd9GcRNPwMzAIdRzyrVTcgmclDrwbBcx4r_RgVDXg&s
Krups EA8298 Super Automatic,Fully Automatic Espresso Machine,Compact design with auto-clean features,1.7,1.45,63745.75,749.95,2.5,7.8,Espresso with excellent crema consistency,"https://m.media-amazon.com/images/I/815M1O7JfmL._AC_UF894,1000_QL80_.jpg"
Krups Simply Brew Compact Drip KM202850,Drip,Easy,0.75,0.85,2974.15,34.99,7,1.2,Good,https://www.krupsusa.com/medias/?context=bWFzdGVyfGltYWdlc3wzODYzNXxpbWFnZS9qcGVnfGFXMWhaMlZ6TDJnME5TOW9PVE12TVRNNE9EQTFPRFUwTlRNMU9UZ3VZbWx1fGQ4NTdjYTlmNmZlNDI4ZTliNGIxMGFhOWI1NDMwYWVkN2MwMWFlYmE0MGVjNDI2MWIzMDViNmUzYmNhZjFlYmQ
La Pavoni Europiccola EPC-8,Manual Espresso,Advanced,0.8,0.95,80665,949,6,5.5,Exceptional,https://cdn11.bigcommerce.com/s-6h7ychjk4/images/stencil/1280x1280/products/8068/91448/lapavoni-epc8-wbg-5__63932.1608216481.jpg?c=1&imbypass=on
La Specialista Arte EC9155MB,Manual Espresso Machine,Precision control for tamping and temperature,1.7,1.85,59495.75,699.95,3,8.8,Rich espresso with dense crema,https://5.imimg.com/data5/SELLER/Default/2023/12/367465267/DM/EI/RD/2455005/delonghi-la-specialista-arte-ec9155mb-espresso-machine-with-grinder.jpg
Melitta AromaFresh Grind and Brew 1021-01,Grind and Brew,Moderate,1.4,1,23799.15,279.99,8.5,4.1,Excellent,"https://m.media-amazon.com/images/I/51Sb2OQrXnL._AC_UF894,1000_QL80_.jpg"
Melitta Barista TS Smart F85/0-102,Bean-to-Cup Coffee Machine,App-controlled with preset recipes,1.8,1.5,127415,1499,3,10.1,Exceptional flavor with fresh bean grinding,https://encrypted-tbn0.gstatic.com/images?q=tbn:ANd9GcQHYNowOmBH2W3PiVUny8MHwkgOKdKFaslYag&s
Miele CM5300,Superautomatic,Moderate,1.2,1.4,76415,899,6,9.5,Excellent,https://images-cdn.ubuy.co.in/635ef5cbd7a60620222e2f35-miele-cm5300-coffee-system-medium.jpg
Miele CM6350,Super Automatic,Easy,1.8,1.5,212415,2499,2.5,12.2,Exceptional,https://encrypted-tbn0.gstatic.com/images?q=tbn:ANd9GcTXlyKrJCDQTcAhCsOQm4eg_NWizsZqPHfyZA&s
Mr. Coffee All-in-One Occasions BVMC-O-CT,Drip/Espresso,Easy,2,1.25,21249.15,249.99,8,6.5,Good,https://i.ebayimg.com/images/g/KFIAAOSwKUNiTztr/s-l1600.jpg
Nespresso Atelier,Pod,Easy,1,1.3,32215,379,2,2.9,Excellent,https://caramelly.in/cdn/shop/products/nespresso-atelier-coffee-machine-with-inbuilt-milk-frother-477045_1600x.jpg?v=1644060629
Nespresso Creatista Plus,Capsule Coffee Machine,High,1.5,1.5,50999.15,599.99,0.05,5.2,Excellent,"https://m.media-amazon.com/images/I/71nZ-nnQRoL._AC_UF894,1000_QL80_.jpg"
Nespresso Creatista Pro BNE900,Pod-Based Espresso Machine,Touchscreen interface with milk frothing,2.2,1.5,72245.75,849.95,1.5,6.6,Excellent crema and customizable milk texture,https://encrypted-tbn0.gstatic.com/images?q=tbn:ANd9GcTur7yx0n71s8JEIFLChIizkr4kK1XK9DqgPw&s
Nespresso Essenza Mini D30,Pod,Easy,0.6,1.26,12665,149,2.5,2.3,Good,https://www.freshbrewco.in/cdn/shop/files/14_f3859edc-d125-4745-90b6-7dd7c51411f0_1024x.png?v=1727085119
Nespresso Expert C80-D80,Pod-Based Espresso Machine,Pod insertion with multiple brew sizes,1.1,1.2,32295.75,379.95,1,3.2,Excellent crema with consistent taste,https://d27in5296vwmy3.cloudfront.net/catalog/product/n/e/nespresso-d80-expert-coffee-maker-anthracite-gray-1600-w_30332673_7a5c6a5d85c0360f7f3a5fa856f6cb79_2.jpg
Nespresso Gran Maestria Titanium,Espresso Machine,Advanced,1.4,1.6,59415,699,0.6,6,Excellent,https://m.media-amazon.com/images/I/61-TTmXh3TL.jpg
Nespresso Maestria Crema,Espresso Machine,Advanced,1.4,1.6,46665,549,0.6,5.8,Excellent,https://encrypted-tbn0.gstatic.com/images?q=tbn:ANd9GcSw-Tk3EV2JMVgga35II6gnD_mZ39TNy1wwGQ&s
Nespresso Pixie C61,Compact Pod-Based Coffee Maker,Fast heating and compact design,0.7,1.26,15295.75,179.95,1,2.8,Rich crema with excellent espresso consistency,https://access.jebelz.com/media/catalog/product/cache/4ec3cacea31d5a03269462614fb10cbb/p/r/prft-c61-me-ti-ne-nespresso-pixie-electric-titan-coffee-machine-1620891115_1_1.jpg
Nespresso Vertuo Next,Capsule Coffee Machine,Medium,1.1,1.2,15215,179,0.5,4,Good,https://images-cdn.ubuy.co.in/633b6ba89628bd7366608cd0-nespresso-bnv520mtb-vertuo-next-espresso.jpg
Nespresso Vertuo Pop,Capsule Coffee Machine,High,0.6,1.1,11049.15,129.99,0.3,3.5,Good,https://images-cdn.ubuy.co.in/654971cd805640293429394e-nespresso-vertuo-pop-deluxe-coffee-and.jpg
Ninja CE251,Programmable Coffee Brewer,High,1.5,1.1,6800,80,8,2.7,Good,"https://m.media-amazon.com/images/I/81+HcYgDo1L._AC_UF894,1000_QL80_.jpg"
Ninja DualBrew Pro CFP301,Drip & Pod Combo Machine,High,1.9,1.2,19549.15,229.99,4,4.8,Good,"https://crdms.images.consumerreports.org/f_auto,w_600/prod/products/cr/models/412815-dual-coffee-makers-ninja-dualbrew-pro-12-cup-cfp301-10037415.png"
Ninja Hot and Cold Brewed System CP307,Versatile Coffee and Tea Maker,Custom brewing sizes and options,1.5,1.55,19549.15,229.99,4,4.3,Customizable temperature and brew style,"https://crdms.images.consumerreports.org/f_auto,w_600/prod/products/cr/models/396980-drip-coffee-makers-with-carafe-ninja-hot-and-cold-brewed-system-cp307-10001363.png"
Ninja Specialty Coffee Maker CM401,Drip/Specialty,Easy,1.5,1.4,14449.15,169.99,6,3.1,Excellent,https://m.media-amazon.com/images/I/81BzHbm5GvL.jpg
Nuova Simonelli Oscar II,Espresso,Moderate,3,1.2,110075,1295,4,13,Exceptional,https://5.imimg.com/data5/NV/PB/WS/SELLER-1418251/oscar-ii-500x500.jpg
Oster Optimal Brew BVSTBXT43,Drip,Easy,1.8,1.2,8499.15,99.99,5.5,3.5,Good,https://encrypted-tbn0.gstatic.com/images?q=tbn:ANd9GcSJThLNr5ae-3asLtGxlwJwbA9OetjVOefcvg&s
OXO Brew 8-Cup Coffee Maker,Drip Coffee Maker,High,1.1,1.5,17000,200,6,3.8,Excellent,"https://m.media-amazon.com/images/I/717dHUDucUL._AC_UF894,1000_QL80_.jpg"
Philips 3200 Series EP3241/54,Fully Automatic Coffee Machine,Intuitive touch display with customizable options,1.8,1.5,76495.75,899.95,2,8,Excellent crema and consistent espresso,https://encrypted-tbn0.gstatic.com/images?q=tbn:ANd9GcQIra6JxCr4RP25HpDOf1OFDHUTgVMsnrFYmQ&s
Philips L'OR Barista Sublime LM9012/60,Pod,Easy,1,1.45,12665,149,1.5,2.4,Excellent,https://encrypted-tbn0.gstatic.com/images?q=tbn:ANd9GcQKUEedKuXotfpXrZOOTI8oP19wVxi2ig-ZGw&s
Rancilio Silvia V6,Espresso,Moderate,2,1.35,72250,850,4,14,Exceptional,https://encrypted-tbn0.gstatic.com/images?q=tbn:ANd9GcRHPcJxf_fxEONFRqAfmxGX_gXE2iLwdGO5wA&s
Ratio Four Coffee Maker (RATIO4BLK),Pour-over Coffee Maker,Medium,0.65,1.2,22095.75,259.95,4,3.63,Excellent,https://encrypted-tbn0.gstatic.com/images?q=tbn:ANd9GcQw5kS1IhlSA9ZOpjN-MAagwQ3IFe1yykQbMg&s
Ratio Six Coffee Maker,Drip,Moderate,1.25,1.5,31025,365,6,3,Excellent,"data:image/jpeg;base64,/9j/4AAQSkZJRgABAQAAAQABAAD/2wCEAAkGBxISEhUTEhIVFhUVFhUVFRYVFRUVFRUVFRUXFhUVFRUYHSggGBolHRUVITEhJSkrLi4uFx8zODMtNygtLisBCgoKDg0OFw8PFy0dFR0rKystLS0rKystKy0tLS0tLSstKy0tLS0tKystLS0tLS0tLS03Ky0tLS0tLSsrLSsrK//AABEIAO0A1QMBIgACEQEDEQH/xAAcAAACAwEBAQEAAAAAAAAAAAAABQQGBwMCAQj/xABUEAABAwICAwwDCwgIAwkAAAABAAIDBBEFIQYSMQcTIjJBUWFxgZGhsVLB0SMzQlRicoKSorLCFCRDU3ODs/AWRGOTo8PS4eLj8RclNGSElKTT1P/EABcBAQEBAQAAAAAAAAAAAAAAAAABAgP/xAAbEQEBAQEBAQEBAAAAAAAAAAAAARECEjFBIf/aAAwDAQACEQMRAD8A3FCEIEGnWPuoKOSoY0Oe0sa1rr6t3vDbm2dgCTboWTxbsdc42EUHc72q7buMlsMt6U0Y8HO9SwTDNq1zBqI3TMRds3gfuyfxLwd0XE/1kI/c/wDEqzC3JelvzEWI7oOJ/roh+5b7V4On2KfGGdkLEhsvlkyB4dOsT+MjsiZ7F5Om2JfGj2Rx+xJV8TIHB0zxL4276kf+leDpfiXxyTuZ7EqQrkDJ2leI/HJfs+xeDpRiPx2bvHsUAhfLKZBOOkuI/Hp/rD2LwdIsQ+Oz/WHsUSy+2TB3dpBX/HZu9vsUZ+luIt/rcna2I+bF9c1KqsKUMY9NMQJsak/3cI8mJ/h2JVEvHnlPU8s+5ZUSDjK44E7YrEp3JTutffqi/RUz/wCtVLFsZrIH2ZVVAHMZnu+8SrsTwVRtKo87piRuO5zib6ihY+Rxc8FzS45k2sRc9RVnWebis96R7fReD3i34Voa5NhCEIBCEIBCEIM33enWw6Mc9Swf4Ux9Sw3DBmv0fujaKPxKnjiZK2MslEl3NLg6zHstkcuPtzWXV25jUUr42maJ2+a9tXWFtQAm9+ta5CeE5L2SrQzc8qvTjt159y7N3Oan9ZH3f7rexFQJRdXA7nFV6bP57V4dudVfpx96bBUl8JVufueVIBJliyBPwuQX5kvZonIbASx5kAcbaexNgQ3QnsmiczXau+RH6Tv9KZ/9nNX+sg+vJ/8AWmwVCyArV/QSoBjDpIhvpIbm/aGl9iCy44LSexeJ9DZWTRwmSPWkdqAjWsDvb5M8uZhHamisEIsvuIzRQyGN7zcFwN2gAFrQ83JdzEKJR4rE9utwrHmANug55HoTRLISqtaulRjkbdjHnuHrSep0hjJtqPv1N9qmqkQNzVuwYbEiwXD9/aHiRjL34Lr63aFMxPFhQlgc3fNYEgsNgLWGd+tWM1dG7FU9KI8lZ9AXOxMO1G701ovrO4d+iwt5qwYhuZOlFjVNH7kn8anqJJUTcPl9zmb8w92t7VqKqGg+hRw5zzv++B7bW3vUtmDfjHm8Vb1zbCEIQCEIQCEIQCq+mmT6U/Llb3wuP4VaFV9OhlSu5qi31oZR61Z9S/DGI5DqHkuij0zuA0/Jb4gLu13Z0cyonlgKjzx2Ulh2dS4VRyPUoI6gUwAcbc8n3wp4S+mPC7Zv4gVEkPOvt9H8SkEKJfh8vweTrUmV1ufsF0CHSjH46INe6HXyNiCAWg5EAkZXsFT36bxyzRTiF43t+sG3ab+5vjsT9O/Yp26sbxN28XlBHwjzrOsMPACsVGx3DzUzvle4cN736tpnAa3MDNlbmGQS0YPEz4Vj0Rv/AP0BWGQpVVPTIFM1FHneR/L+jN8+ucqEMJa53Be63ymC9+oOUypeveHO4SmB5QaKtlAyhH7mQ367zqZNueB9ryhu3iRAXvz3ebpzgj7AJ+JwArkZ0n0UqXYM2Tew2bXAB1miMixJF3NvcZnJN6Tdcne8M/JohcgX13n1JHpFKCwqnYSfdh1+tLFj9Q4dUGSJjzYFzQTbZc8ykpZo2b0sXzfWUzWFCEIQCEIQCEIQCrGn3vUB5qqD7Rc38Ss6rO6CPzVh9GppD/8AIjHrVn0rvRtvHHt4rdhI5BzFSWC3P2knzUXDj7kz5oUsHoI67epVDBnJ1LhVnJd4tg6lGqTcfz0oOTUupuN2z/xAmDUupuMOuf8AiBBIPG7GeZUx4yUI8bsZ94qZIMvYSPEIM33V5XCwvwdQZW5S5181QsNA1cr+Cve6wy4AHoN2nPa7lKo2GRuDALeIWorpKB0+HsS6pEfK1/Y9o/AmcsbuZK6uN3MlC+YQcrJP7wepgXymlgB4DXA32l2t5iy4VjSodJTvLsgoNLwQkgWLv8P/AEJ5JGQ25LrdUfqYkuiUL2tGsPFvtT/GHHeXAGxtl/IVYUTEceLpXxsjFm5BziXF2QN7N1bbelfKMMaQ/e3E9bQO4sJHeqrX0pdJnK1r7kWO+3I5M2MI5+VTMOw8hw3yZ9jyNdJnzZ3CmtyNWwvdLkgibGKYODb2JlN8yTyMTR+6g+wcKcWcLi7rcts7X5lVZtEoxh5qoXyF0bgZGveXh0Z1QXN1jdpbfW25gOyvZJ6cXib0aw7dYnyLUklStT0Q0+dWVP5O+EM1muc1zXE5tzLSCOa5v0K9LDdz9+riVP0l7e+J/rW5LNihCEKAQhCAVd0/H5k8+jJTu7qiMqxKv6fj/u+pPMwO+q5rvUkHzCT7k3t8HEKYBYWUDC/ehY2s53Jf4RU5l+cHqBHrWkMIuK3sUeo2HrPmV3ZxOzyUZ+xQc2pdT7R86f8AiJkEtp9o+dN/EKo7Odwuxv3ipcjwOfsa4+QUU7eweamO2IM03UXXe35jeQj4TudU+g2K47qfHb8xv3nKnUGxagky7Eork4kGSU1wQIqlesN4yKkL1Q7VIrQ8BfkE0xO29nqSXAjkE4ruIVphkeIN/OEykHFKhYqLVHap0uYCy3Gr6PN37C6yIbXQStHW6J4HjZUKhziP7R1uotYf56lfty92vHJGfhMt6j5rPMGvvRByIEZPWWkEeB7k5KaaNyalbTO/t4x9Z4b61vq/PFO/Uljf6Ekb/qvDvUv0Op0BCELIEIQgEk03ZfD6sf8Al5fBhKdpfpDHrUtQ3nhlHfG4IFOCOvED0nxz9aZhJtGH3p2nnAPexh9aa07rkjhZc4HhYLaGEXF71wOxdmHgrk/YoORS2nGz5833ymRS+AbPnS/fKDo/b9EeakyvsL5fSOqO+yjyDP6PrCkvYHCxFxzFBm+6ieG39mOn4TuVU7D9iuG6n76wf2Y+89VGhGS1BIl2JVWhNZUrrAgSVAXqi2r7UBFIc1FXXA3ZBPpzdqQYKdisLxwVphlWkbbTZc6kg3YF60wgLXF3LcW7TbNQKKGoeM3MA5A0Hxuo1Gr7k81pNXnafDP1KqxN1Z6qP0ZJG2/ZTOZ7V90dx+SjOs2FrngHVu4gEkWzz2ZqPRzufO+SS2tKJnutk0OkfvhDb8mZAUkWvlWCQeo+S/RFHNrxsf6TWu7wCvz1NZbtom8uoaUu2mnhJ697bdTpIaoQhZUIQhAKLirbwSjnjePslSlwrxeKQfId90oMUwjTvViZHDPCzVDQRJG/WyAGZdYOytsvsTyLSeR1vzyO9hctdCPC+SxKk447Fa6Nlwus/qWNTjxx+oR+Ug35d8Ad1CzretKK2pkcR+dP5f058eGqW6EKHUxC2xExbKyke/L8ttnt359xt+V086amrawXNcHZ34T2XH+JYLIa1nQktaBZS9L51tcWPMa4XxFrbZ2NRDmQeYvOVri2wqJLjFKXFz8YLOETZkhJIOeZidY8uWSxAoCz6p5a9jONU0zAIauWR7SfdJg6Rr28jWgtJbY3/mxUSlkkDLgNeeYN1b9V3+apWCx8Enp9Q9quWEEluas/q46OrZeWAf3g9h81CqKiQ/omjrmjH3nBMp0mrSgh1LX+iwf+opz/AJihMncDkPtMPiCvVSoAOagt2EYnUjixtcObWa095v5KwsxGuIygiGXLKHeTAqzo5LmFoFJYjZyLTLONJpalwdvrWN5ctWwtnlY3ysk1J+VZFpy5gGE+I9auWmoABy2gjvVNw7EQ0C7b9TgfA2UrUXDR6OF7gKkyx3trGwFhy21WOF7X2kKzyYZg7CHOxCYDpYy/3FRKOsdIbNglPU1rvuuup9K+0jA4bJGhwc3MZ2ddp2OGe0IL9hZwHbv8kg/tLgdzGtutQpJmPY10Za5jgCwtsWltsrW5F+eKuFoJAaBYkdxstU3H6ovons5Iqh7B1OZHLl2ynxUsF5QhCyBCEIBeJxdrh0HyXtfCg/HlJxh1BXLDhkqfG2zwFccN4oXTkqYWqDVtyKZaqhVbcirUViuakVcrDXhIMQCxWoWlAQUBZRb8AZE6INJe19zfghzHZ5Z3BbllsPqVqoKN7RYNLukFoH2nA+CqOjoyHWtEoOKFufCllTA/0T/PUldTQvPN2uDfNWudI8RCqK5Ph0nPF21EA83qAcOffjQdlVTHykU6uCV6uairHgtBM0g6gPzZIneT1d6Z8jW+8SnLYN5H35GqoaN7Qr/S8VVmqPpeJXtzhewfLdAfCORypeGwAkixOe3JtvO/gtJ0wZwCs+wvjuHSpY1ytmjZY17Rqk5jMuHkArBulRCOsjmaB7pBDK6w2vYS0k9jWDsVWwt9pB1q37pQ1mUMnPDK0/QdHbzKn6tJMSZaR/WT2uzPmr/uMy8CqZzSRv8ArsLf8srP643OsNjmtcOotFlc9xqS01U3njhP1XSj8SvXxmNUQhCwoQhCAQhCD8h1LLTkcx9atmF8UKuY2zVqnj5R81Y8K4oXTkplZRKoZKaAotSMlUVjEGqvYgrLiAVbxELNWFRQ1BQFhVs0dGQWh0A4IWfaN8i0OhHBXSJXqdJMRT2cJFiSIrValnKmdalbtqirLo+7MLQqB3BWb4C7MLQsNdktMUs0rb7mVmtDlK5adpM28Z6lmMGUxUrXKwUeTgrvpvwsPon+jJIz60et+BUiHaFeceGvhDD+rqWHqDmPb5kLP60rdRxIv2TPC4t3WVn3IprV72+lTv72yRH1lVf9DF1PHaH38iO5OdzObVxOIemyVn2C/wA2BW/GW5IQhYUIQhAIQhB+VdK2WrZB8t3mnWE8UJbpyy1fJ8933imWE8ULpyU1UadSQuM4VRWsRCreIhWfEQq1iYWasJXICHL4sC4aNbAtEoeKs70Y2BaLRcULoPU6RYkns6R4kERWaxKnbU2rQlLxmopzgjswtDwp2SznCNoWg4S7ILTNfMfF4z1LLH5TLV8Ybdh6lk+JcGbtUpysMXIrvUPvg845n05/xmD1qj0huAU7xjEgyiFPfhVEkeXyInCRzuq4YO1Z/W3CN3uLehzmjoGTvN3gpuhLiMSpT/aEfWY9vrUfB6UvYSdmtl2ix8grPoLhN6+F36vXkPUGFo8XtVqNhQhCwBCEIBCEIPzJuhstXyfPd94qVhHFC9bolK5+IytY0uOs42HMHIw+B7ANdj2/OaR5rrAzauc69McvM+xEIMQCq2KK1YgdqqWLOUqwoK+IKFzFv0V4o61o1DxQs30RPBHWfNaPRcVdIPc6SYincyTYgqis1qUS7U6rQk821ZoYYW7MK/YO7ILPsM2hX3CDkFqJTKvbdhWSaTN1ZD1rYKgXaso02js8qX4c/UzR6cOZmbWzJOwAbSUQPdUSmWxOxkTeZvJ1EkknrKreEyvIdGNj7An5PKO3yWlaHYaL76RkzJnzthPq71I3ae0VGIo2x8oGZ53HaVfNAsK1I3Tu2y2DOiIbD9I3PSAxVvCMO/KJmx/B4zzzMHGz5zcN+lfkWnNaAAALAZADYAp1WY+oQhZUIQhALnLM1ou5wA6SAl2lWJOpqSaZgBcxl2g7LkgA9l79io2EaSQVbdZk4MhGYcRrg9R29ismio6bVbYsTfJcWIeATrAXdm0kt4QGzMC694VUsDAI3MDbC5D44+EMtc629usciWgWy5bqsac0EgqCXVDNbmcSwnpGtwT3rjhtawANdKwHpIHjey2i5YlJdzOEHHewCQ7XGtryXsbnLlAOdiMgoNQclFjkJ4pjPU+/qXCrfJbi+IVC7FJQLqm4jLcpzi7pOYd4VclBvmsWq8IQvTW3/wByB5rItGiRyHWtKouKsw0a4Lg24OfwTcZ9K02iPBC6T4OsyUVwTWUpXWqorlaEmnGaeVgSecKCRhu1XnCDkFRaA5q7YO7IKxKsBzCzTdChtmtLiOSpu6LR3h1+Yi/elSKlotQl7mgbXGw6OcrXaSBsbAwZNaP+pKo2h0TYma7uM4ZdDf8AdXWiqQ8tAzubnqHJ2nwBWW2j6J4ZvMWs4Wkls519rW/AYeYgEkjncU8XiF+s0HnAPeF7WAIQhB8uvq5ueAo8tcArggaZMvRyjnAH2gvzZVYQGymw5eTIr9FaSVetTP8Ao/eCx3FKcF17LXKF8DHFuqZHlvovdvrPqSazfBcJ8Ahftjjvzhpj8Iy1vgp8bbLu1bwV6TRFnwDbtB9Q81Dn0Ul5DftI8iVcmlew5TBm9To7Ut+C49vtS2bD5W7WO7j5rXA9DgDtA7gp5GN6hQWFa7Lh8L+NG09iXz6LUrvgW6iR5KeTVAwyuEbgSDlyj1j1rS8Ix+newe6AHmdlY9exI59CIjxXuHRkR4qDLoVIOJIPEJNir6ahjtjmnqIUKrVL/o1WDiys7X28wgYLiXJqn9/D63gq6hzVNSapC6jR7Fzshc7qfG7ycvv9GMYP9UkPY32qaONG7NXXBcwFUBoxi/xV4697HmV9/o/iw/RW65oR4a6spWnROyzIy25jLr5lAxh1PLG6OWRmq4Z2cL9Y237iqI3RnE3bWj6wf4tJXUaE4i7jOAHzmjzTUyG1RPRtvqj6ROXZn6lHZpcyPgQNBdyWAJv4Dm5AoDtAZRnLO23KA4k99rKXSUYpz7gyJjh+kLTJJfnBeTq9gCf1W30mN7zvYc7gu1RquNyAbZjlyVtWFaMwF0m+SSOe/wBJ52fNHPmtygfrNaecA94WKPaEIUVEqIyUnq4XjkViIXkxhXRQ8eleYJGgHWsCBymzgT5LN6iqBJ5+lb9LRMdtASXE9DaWfjxC/pC7XfWbYqy4jExJmurXrQ6vcriOcc8jeh2q8eQPilFVuZ1bPe5YpOvWjP4h4rfqCra69a6mVmi1dFxqaQgcrLSDuYSfBKpXlhs8Fh5ngsd3OsVdglhy+6yiiVehIgkh69hyih69B6CSHL1rqOHL3rJg8zJbUsCnSFRZQgUTwjmUGWJOZY1ElhUC6JpB5U+wud4+Ee8pa2BMqNllYlWWiqdgfJqjPNxNtl0yiYHDLfH/ADGOdn3Zj/bsT4dXyR8R7m326pIPeM1NfWPfxnud1knzRlyrbi4III2ggg9xUR9WGN1DK0CxBEUZc8623We6w2G20qQ83Od7WJPU1pcRfk2Wulr6qxya1vULnvdcjvRTfR5+qcha5yvtA5D12WzYU68MZ+Q3wACxrDZHAjfNbWuePfWtlY552vreK13RqXWpoz0OHc4j1Ln01DNCELKhCEIBCEIBCEICy5TUzHizmtcOYgEdxXVCBFVaHUEl70sQJ2lg3t3eyxSOs3MaV3vUk0fRrNkb9sF32leUIMrq9zCoHvVRE/mD2ujPeC7ySer0IxCP+r6/TFJG7wcWnwW2IWvVH56qqaWL32GWO3LJFI1v1iNXxXOGYO4rg75pB8l+iUtr9H6Sf36mheed0bCe+11faYwh5XB5Wy1O53h7zcRPYfkTTNH1dbV8EuqNy2mPFqKhvReFw+1HfxV9wxkb1wetYk3KWclW/wClE0+RChv3Ks//ABY/9v8A81PcGYtCmUwWixbkw5avugt/mKXFuVsG2qf2RsHmSnuGKDAxTowr/Bua0w409Q76TG/dYFOg0BoG7YnP/aSSO8L2T3Exls8wbmHAEbM87rxTUdZMbQRvseVjBE3tc0NBC2ujwGli97p4m9IY2/fZTTA3mU9mM10d0Gc0h1S/LaWM2noLvYtGp5I2tDWjVa0AAWsAAvppRyXXxtIOUqW6qQHA7CheWxAci+LKv//Z"
Rocket Espresso Appartamento,Espresso,Advanced,1.8,1.2,144500,1700,3.2,20,Exceptional,https://images-cdn.ubuy.co.in/639ec563a5379a1d0b495b35-rocket-espresso-appartamento-espresso.jpg
Sage The Bambino SES500,Espresso,Moderate,1,1.6,40715,479,3,4.5,Exceptional,https://encrypted-tbn0.gstatic.com/images?q=tbn:ANd9GcQRwdrztwkLvyLqXdPvMfSvsYJj0I3XeGVckA&s
Smeg BCC13,Bean-to-Cup Coffee Machine,Very High,1.4,1.45,84915,999,1.5,7.5,Excellent,https://cdn.mos.cms.futurecdn.net/Rv2eKiuZNcY5JJiLUbj4ZN-1200-80.jpg
Smeg Drip Filter Coffee Machine DCF02,Drip,Easy,1.25,1,21245.75,249.95,6.5,3.5,Excellent,https://encrypted-tbn0.gstatic.com/images?q=tbn:ANd9GcSDkIUAI37sKMM4GPkoXdd99DH5b3wDOm13RA&s
Smeg ECF01BLUS,Manual Espresso Maker,Classic style with modern brewing capabilities,1,1.35,42495.75,499.95,3,5,Elegant espresso with moderate crema production,https://encrypted-tbn0.gstatic.com/images?q=tbn:ANd9GcTHzxLZnlFKxL8TvQyLGP0EQaelri__TFUqsQ&s
Solis Barista Perfetta Plus,Espresso,Easy,1.2,1.4,42415,499,2.8,3.9,Excellent,https://encrypted-tbn0.gstatic.com/images?q=tbn:ANd9GcRAjsPrxPfnujG0eSet-mQJFdWIFK0YqOHTrw&s
Tchibo Fully Automatic Coffee & Espresso Machine 61222,Bean-to-Cup Machine,Compact with one-touch brewing,1.1,1.35,33915,399,2.5,7.2,Great flavor with fresh grinding,https://m.media-amazon.com/images/I/61Onju-fH2L.jpg
Technivorm Cup-One 69212,Drip,Easy,0.33,1.1,20825,245,4,1.8,Excellent,https://www.homecoffeesolutions.com/cdn/shop/products/Artboard8_e508b784-eb04-40c3-a49e-a30ae7c4b618_800x.jpg?v=1675106941
Technivorm Grand Moccamaster CDT,Drip,Moderate,1.8,1.65,32215,379,6,4.1,Exceptional,https://m.media-amazon.com/images/I/61xdJQT6S4L.jpg
Technivorm Moccamaster KBGT 79112,Drip Coffee Maker,Simple operation with high-speed brew,1.25,1.4,29749.15,349.99,6,2.8,Consistent temperature and extraction,https://m.media-amazon.com/images/I/71nWUz7pEdL.jpg
Technivorm Moccamaster KBGV Select,Drip Coffee Maker,High,1.25,1.5,30515,359,6,3.5,Excellent,"https://m.media-amazon.com/images/I/711yjTOlsuS._AC_UF350,350_QL80_.jpg"
Wilfa Svart Precision WSP-2A,Drip,Moderate,1.25,1.55,29665,349,5.5,4,Excellent,https://encrypted-tbn0.gstatic.com/images?q=tbn:ANd9GcRzmpAvl6LfQgvngxiStWM_2GwlA5sbhzc3xg&s
Wolf Gourmet Programmable Coffee System WGCM100S,Drip Coffee Maker,Custom brew strength and temperature,1.4,1.4,46749.15,549.99,6,4.8,Exceptional extraction and consistency,https://encrypted-tbn0.gstatic.com/images?q=tbn:ANd9GcTjqdVH5ilGbYJ-x7tmPYzKllSWt0c4EdEVAQ&s
xBloom Coffee Machine,Automated Pour-over,High,0.7,1.2,67915,799,5,5,High,https://xbloom.com/cdn/shop/files/01_grande.jpg?v=1714400131
Zojirushi Fresh Brew Plus EC-YTC100XB,Thermal Carafe Coffee Maker,Easy controls and vacuum-insulated carafe,1.5,1.4,13599.15,159.99,6,4.3,Keeps coffee hot for hours with no flavor loss,https://shop.zojirushi.com/cdn/shop/files/EC-YTC.png?v=1702604158
Zojirushi Zutto Coffee Maker EC-DAC50,Drip,Easy,0.65,0.65,7649.15,89.99,6.5,2.2,Good,https://encrypted-tbn0.gstatic.com/images?q=tbn:ANd9GcRUzj4srl9bCpaZeihe8O2CGxwTJjG0thynLw&s
