Grain,Machine Name,Grain Manufacturer,Capacity (tons/hour),Power Output (kW),Dimensions (LxWxH in meters),Price (INR),Image URL
Wheat,Wheat Flour Milling Machine,Buhler Group,100,200,10x3x4,1200000,"data:image/jpeg;base64,/9j/4AAQSkZJRgABAQAAAQABAAD/2wCEAAkGBxMTEhUTEhIWFRUXGBUYGBcWFxUXFxUXFxYXFxUVFRcYHSggGB0lGxcVITEhJSkrLi4uFx8zODMsNygtLisBCgoKDg0OGxAQGismHx8tLS0tLS0tLS4tLS0tLS0tLS0tKy0tLS0tLS0tLS0tLS0tKy0tLS0tLS0tLS0tLS0tLf/AABEIAOEA4AMBIgACEQEDEQH/xAAbAAACAwEBAQAAAAAAAAAAAAAEBQIDBgEAB//EAEQQAAEDAQUEBwYEAwcDBQAAAAEAAhEDBAUSITEiQVFxBmFygZGhsRMjMsHR8EJSkrIUguEHM1Nis8LxJKLSFUNjg9P/xAAaAQADAQEBAQAAAAAAAAAAAAABAgMABAUG/8QAKBEAAgIBBAEDBAMBAAAAAAAAAAECEQMSITFBBBMyUSJhcYEFFLFi/9oADAMBAAIRAxEAPwDO2e/KR1lp/wAwPqJRrLQx3wuB5EFSqXax2rQfI+KCq3BTOkg+KN438o31BjjklFhZ71/d6lTfdldmdOpiHB30P1VVmtAY8GpliAnqOZM8Erj8Ow6vkLstPYZyXq1ladQFfYRsM7KIcxIx0Yi2PfTqvDDADhAOY+Fp07ytGG7J7KT3uyKr+Y/a1PgzZdy+aouhJAtO5qVRoJqFjjHxDZ7nCfNcqXFWa3HTBgGJZvIMA5feab2Kn7tvIK1llzkS07nNyI6xClqdlKMleD34Wh4nbaes5wQe7etH0bsbsb2U2AuBnPPZ/Dl3jOd6JttjdaqbsW1Xp5EBoGIbqmWvMd/VVYrOXgPpvDKjSQRJbsjLG1+86iNcws+BbNtZLtcB71wceBzHeBA9eattDnDIODeY+f8ARILvv2swYa4Ls4DtHd+4/wDKattjH6O+vgloNg9oouObtocZxD+iArU8j4/f3vTUVWDJrHScpJHdsjJLbVbHEwQ0N0gDMdeLVTcQ2K3sXHUpa4cj4SPmi61NV4dPDzlKhhLVoqqlXLCeB1HLemdamg2WU1HYREnedB1pkwMc2e+Q5oBBxuG4ZDhmepIOlRmoBwHrH0T+x3a2mQ4uxEDQAcP6JFfFle+riAyPWMsyePWqbdCIHq2Qu9mwAkhgOQnUZo2z3O/fDeZz8BJTi7bNk535jHc3TzlHNs54QOuAlY1iltP2TCA55B3aN54c58kFRuam8YiC1xJhzDkBoNnSDE96cXrQwtEnWdJ3DiUNWvqy0cLcRe7IbIL5OnU3zQSDYqNz1qJxUnYhxZM/zMOvmmjrGKrALRTaTuPwkd+oPJUWy+qxyoWacyJecIEEiYESN+RUqtZz2DG40HwZFM4295gOCDTCmMq/xHu9FWQibQ3aPd6KrCqkyrAgKl1MJJdnO7hroU1AXnt++5FNrgzVmVp0qlENeNpjhJHAnM8uab2es17cTTl5g8D1oqy0/ds7I9AlVsspoO9owbByc378j3K209u/9J+z8CS9x71/Nv7Wp9g2X8vmktueHPc4ZglsfpatDg2X8vmh8BYVdzPdt5BGMpZqq7G+7b2QjqbVB8lTzKOmojeCQevMZq5ljbmYmeMyOREHipsarmhABS+mcOFwxs3AxLey4DyhJLZd5DppTydkeXX5rRwouYjYKMpUr1qZzDsoPESOo9avva14ahEDCQHN3GCJ5cU+qWccPvkg7dYg4NO8CNOBgLWagai7GwO6vRRLcj3H6q+7bPhJZuOY9D8vBefTh0cwpNUxhbatSgaQ2280wtIQdEe8bz+SyCOqBJ3QI3pNfNORCduJDTGuEwsnRtrq1kFR8YiHzGQyc5vyTJCDZtuIaGsEAAASeHJUVbXVfs+0NPiWZE8zr4LOXFb2tawEH8AiYBypA66fiPetabrLqbX46bCZyaXVHZOI3BuHTrVZ4JQ3sEcsW6opdVcKbWF7i1uKMRLoxEYs3Gc4nVRDmNEgQI1Dcu8mAuWizGA0OiCBM4dAd40zlCVrCWiSM/zZEkdrepfkowl15sGQz/U7v2BA70st15TGwHb9Gtg6QTB+ypU268j9/fBB1hmjsCz6Bam7Z7vQKsBE2sbbu70CqDVQQrwqNQfP0V2FRqNy8fRYwLZW7DOyPku16YIIIkHIqyzN2W9kfJSe1FGMZaLMGOc2dHZdcwfmtGaew/l8ykt5N947tD0atGR7uoYPwDhvJ/oq87iPZF11t92zst9EfTYhrrb7tnZb6JjRYoVuUD7mszHVIqfDB3kZ7swnT+j9I/C8jwI++9CXBYfaPImNkmYneE7fczx8LgfEFOogsT1ejrx8Lmu5yEFXumq3Vh7s/RO7L7ZzQ5odGeuZy6hKkbbUb8Q8ckHE1mTqUyNRCoc3I8/Uf0WzNra/JzAecEeaEvW7aXs3PayCIJjLIEYstNJSOIbMdo4Hhry3+SnelGHA8fUZH0V1upAOe0aBzgOQJAXLTUDqTSdRl3iB+3CfFI1sEQ2xsFAUf7wd/oUfbHF3wAuPUCVCyXZVDg5zCBmZOX4TpOqCQRg4bJ5LE3MP+gb/APb/AKj1uC2WkcQs5aLvbQoCk2YaDrqSZJJ7yU8WIYGzvIw93+1fSujVoJslKTufP63L5rTbm3u/2rcdFLRNEM/K059p8fM+C7M/sJY/cMqgn77/AKqqtTEdy421tJmd65aCBlOYK4i4DTZtAccvHL5oCuE3tLPheNDmPFLreNoxpJjlqEAm/tY23c1VCJtg947mqYVhCGFRqDLuPoroUKoyPI+ixgezN2W9kKb2rtmGy3shTcFjGRvRvvHdoejVogPcv5M+aSXoNt3aHo1aBw9zU/kHqqroSQTdjfdt7LfRMaLUFdg923st9EyohS7HNF0WHvD2T6hahZK4rU2m8l5gQRoTnI4LRMvKidKje8x6qiFOXQPdN7/Uoi0jZKpu+o002gEHLcQr6/wlZmRlTRDaroESRpkPhCZPp4mlp3gjxEIO0f3p5j9oTBmiV8hRhK5Y0kODnO36Nz38VCyVmlxb7MDKRMnMc8tJ8EVfDfevj8zvUg+YSsuwuDhuMqI5C3Wh+mIjs7PoltjpYqw3wKhJ5U3fOE4vekJkaOAI70nxljarwQDDWNJyEvdGZ4ZZ9RSLkwdRYRmTOXL1KUXwQRBIbOUkiBOUk7h1pnToOLZAyOWWf3zWY6V0XNEYmjMSJzPJUjG3Qr2Viplz2Vke0t9M6ZUqdSrOn4gIWwuO7KfsKX8PiqCpi2i3C4hr3tzE7iHx1NC+cUm6cvovr3QuzPpU6RaDstB5GoTx66rx3FdWeL0q2SxvcU1+jDRMtNMbtco4n70QVruhxdia6QGtniYykL6/Z3Y2gvAMjgsl0npAVoaIBaAQNOIy/V4Lnb7K0Y9lkPsntg7BxDfk7Udx9UltY0++r5BbOzBsuxEAEQZI3pJZ7tPthIOEHFO7LMc84Cm+Rlsa22j3juZVEIm2j3j+ZVMKwhABRqjI8j6K2FGqMjyPosEos42W9kKbgvWcbLeyFJyyMZa8h7x3aHo1aKoPcVebPms9eXxv7Q9GrSVh7irzZ6OVF0Iwi62+7b2W+iZUggbrHu2dln7QmVEKS5HG10WEVHYXSBE5dyPtNwNDSQ85AnMDcFDo6Ns9k+oT21fA7su9FRCmRslgc+o5jSJbOZy0MI51gtDBqY/yu+StuY+/q/z/ALgm9otLADtt8QiwIy+I4hMzOc9WXyTqkckqtNUF0jQEnzJRdK8aW90cwfokCZe9fjf1VKg7i4kfNKXhNrcZfVjQuLgeO0dO4lK6mqk0URJ5xUethjuObfmErqWI1fY0Bl7aqSTwYwZ+h8UYaZc14BjKT1w5gE/qXrJYagtVnLTFOmwhxIJkuBc4TuzjPrWS3A2CGzVhIFYtEABoAAaXOb46lZnpVdj2Br31TUlwAkDLUna13aLe2m5faPc/2tYYoOFpwhsgGBluOXcsf0iumuSGs9pWYCDLnBxBEiI13q0KTElwZS7LL7SpTp/nc1vcS0Er7r0doe4dUP4ngDstdIjvc7wXyrovddRtcF9N7MFN52muAxENYMyOLp7l9J6PXhUNmAw7GOphMHQVHb9NypldtfYSCpGlu74ByWX6Vt98eyw+BI9CVpLpdLAs/wBKWzW5tA8ZC55cFUKLG3aPcuW6gGuL97mie6fvuU7vzJ5BU3lUyJUxhlbR7x/aKphEWz+8f2j6qmRnhIcRqAc29RVhCMKynQxDPTRDuriYORRbLU3KOpGjWVWiy4QCzMDKDqO/eh/4jc6mOYJnzTEunPr/AOQqqtELIAjtN1BxJk5mcoRtU/8AT1udP0cjDT2eS5Vsjv4asctae/qd1JkBlN2Wj3bNn8Ld/AJlRtLd+SW3Wz3TOyEVhQ0hs09y3hSY6XVBERo7q6k1r3zRLXAPElro4HL71WDBXH1EQGjov95X/m/1GqtzkLclSRU7H+9ivKDCjx38ihXBFga8j6IXATk2ATkJ0BOQnqlAxWQowkltvOvSqupO9mS0kEgOjLU6jJU1ukD2YcTWbTQ4Ri0cJHFC0GnVmkwAbl4OIWfZ0meZw0mHC3Edo5NEZnIcR4qNh6R1KwJHsgA4tOFrnEEAHXH1pnGgJ2aNtYjekVTU969VtNSMqwHJjPnKV2ipUZmaszxa3v8AhAU2x0g55VRruGjiORKV2i11w6Bgc2AZwvznhDoR1zsfWqtpuhuKdoAmIBOhPUiY+k3U3YCz/Slvvv5W/NaW6hsBZnplWayqXPMNDWye8rPgUQmthFTaAMHDJjMguy69fBZm8L7L3OIBawkkNDiYG4SdUHel7uq1D7Mlo0yMZf5uOp9EovG3NDcLco6htE6k8OoafNlGlRrs+u27+8d2neqT3CIq1jhIjZeT+J+N5BHHZI8QnNtG2/tO9UtteMHUx95JXsFbltpzfkJgCdOJVlnEESB5fVJg14JMzOeY60zsjQ9oJOfDSFtQdIe05Hn9PorToq/ZwpWuoGNLnaAD6JoiskWjCc80HVvBos1VuzJdTymJ2XSfTxQNS+GuaQ1rusmBAkAxBzOaU2muXltJoze6BB45aJlyLWxpLtHumdlvoiYXaNGGgCMhClgRMUuCqeiXMVNRiBid3O94O/0KchJbAPeDv9CnIQYUTZv5H0ULK3bb2m+oU2/IrtmG23tN9UAmctli9rarVnGZaDExiJnyHmpno/TcGhxJwggccyTnB4lM3sirWP5qrvAQPUlWMKSEVyNJvgUO6K03Ne1rywOEOgGSJmJJyC5Z+jNKzUS1pLhimHa5wNRyT9hyPcqLxOwe71TiiJ7G/lQ9Wiw5YMuaJqIeq2QRxy8UtBAaLKbZwuEcJmOWaLuy0tp1WvMkAk5ZnMEZTzS912hrWtDnQ1rWgCNGgAdW5epUcIOuZnOMsgMo3ZeaOxlfZt7D0ss7WgOFQfyj5OWB/tKv4V6oFLFgAGsAl3GJ0E+qsesvfU+0OWWXDgFoszQiq1CwToUvZirOwNEuOvUN6JvepnBW96HdF2U7v/iHiatXC/iBTkhrRznEe7gjKWlWZKzb2r43dp3qoBStPxu7R9VALGPFmYPCfNLb6DWtxaODmYdx+ITnugSmYKVX+cmQJ22+ozWMO6T8TGO3Oa056wQDn1qi8w57CGATkRO+N2i7d9SaVLsM/aEQsgMxVos9o0LCBnBgDXj97kxuW68BxuLXPGYjMN496cXm3JvMIS7BDn9lyW9xui7o7WLrOxx1cJPN20fMlMSUs6MtxUGEbLdzABlkDr3p7TsktnPfvG7VVsnQISqapTWvZWNjLqzU3WVo0PeG/TNCzUIXVC0YmmCN/khjeVbMB2kQTAB6smk+SZXtUGBwB4RrxCS9G7S97ant8Mh0CQ0cwIQc0qTXIvoykpSUktKW3zd8BrLwq/nP/b9FbQvWo1zXEyAQSIbmAZI0QDT6LhK6dCPOWad8mjNUOcXcS4x2jKvYQg2nM8yiWLlquD1LsKAyQ9ts8nIgADOTxn6KRqFLL5qOIwg5GJ64OnqgwoBqWmmdKjP1N+qodbKQ1qN/U36qn2b/ALOWgz14yvVwhY1I8+20f8Rv6m/VD1bZR/O3xb9VGo1DVGoag0iTq1MZlzY5hKL5oOeMVD2ZgGQQ7E47gC1wAnTPimj8xCMsFGbPUeNaVSk7uJIKye4JLY+VXxTrNqvD6TWEE7MyByM5r7NdIIuykDkRQpCBmBk3IL5Z06tGO32jqqPHcwlo9F9S9ths1JgGRotk8MLWRHimye0EeQ32hdtEFpOcGJE5wYyyXlyVyUTEpS2+cwBuJAPWMTcj4BHyll9Zhvab+5qwBpYKeFjW8PqjWpLZbe1lPFVeGjFhl0CSQDHr4JpXr4ADEygkZlV5aDmPRBWA51OyUTa6mJoI4oO7jnUP+UpXyMuCfQuoTZhIghxbB/yw35LTUnbJWV6D1sdnLoiXvMcNorS0zkfvgqdidHXVCSJKJagKw4CSIy65z8pV9J2JodtNyOR14ZyJQCKekFQ5Ab9/BJHMEgxvjxkjvyPgmd80HEhznDZOQAIOYjWetBOa0Uzlnjbv/wArszIV4HFne7X2OtUonLiotU6RzHMeqt0cK5HjBmiWKj6D0V7Fxs9kkUFa3tDhi0g/NGFB2tupLg0NEkkc+tKOJmEicRnMkQDkJ2R3BQfyPgVN9padHE8mPPnCoqWwD8NQ/wAoH7oS7B3K3jqPkh3t6vRWPtp/w3d5YPQlDVLW/wDwx+s/+K2waZ5jiDIAPf8A0RF13pZ6FKtRr1A01W5SSTnjz8SgqjnATDO8EpD0hvMNb7MgOe8HRsBrZiZkknXRZcmaMpedQ1KtV+W297tR+JziN/3K+nWC8m1yMGKGUIGJuFrvgBwzmcxryXzFzwCAdTu381uLivum2nTY+G4aTmkluclzSBIzzzPcE2TeLo0XTN1K5KjK9KIp2Ul6SOfgGB2F05Hw04nqTiUJaqcuafyyRzyA+vcg1aoMZOLTXQNfV1/xVA0xDHhwe0OgS4Ag4g0kiQT16JlZ7M9tnosccb2Ma1xEmS1oBPiFRQgGeCcWaoin0KwCqwtYAeJ+aFupjsVUa5OHLRMbwzb1/ULMdJHEWa0kEg4qWYMH+9bvCR+4ZcDfodZnUqb6VQQ9ri4iQYD3PLdOoLRNKwH9nNuJ9u6q8n+62nEuMDHAk570o6cUrS61l9m9rhLGCabntBIBBnMR99aqk2yblGOzZ9YoGSVbXfkYWfuC96LKbKb3YXhjZxYomNraIzznVN7Rb6RbLajDyc0/ND8hTTVozt425xqBjizMnIAyMnHXFmMhu3qNT4P52/tcq7Qzba/iahHdgA8pXah2P5x+1yvj4/ZweR73+CYXWugzwzUQVBxyVnwcceTSNdMcgr2lB0Tk3l8yi2FcTPaJFLbyBJjUaxy3piSltvqkOyE5d2feEjHQCXZIaqc12lSwNwtaABOp4mTx3lQfPUO4n5pWMih6Geo2q8KTPjrsb1FzB5HNBOvegSAKmInSMUeOiFBtBYInaOUH0MecLOVqOK0NxAZMExoJe7j1Im3X3TYYwOJgH8MZ9crP178mvjw4RhDYmdCTOnWjTCW2K7XVLTWnVrmtM8i4jxb5p2bqJIblnl3anylY+y3s6lVe5rjtGdTnkRnPMpizpS7EHSZBmfI+qe2uiem+z67K9KhiXpRMSJQ9Z2vMehVpQ1Z2vMLGIsqGe75oylVMAznruQTmbM748lOjUyQMM6222RkR9weorJ36/FY7UTqHU90f+62OWULQMrxmP6EcETaLJSrNIe0PY8AOaSROEyJIzBB05rVbNdHzHoZaXCs5gOy5hJEDMtLcOev4nLZVtO9WVuidns5FaiHtIERjLmnFE5Ok+apq6DmuvDweT5z+v9C28bZ7PDJjESJLA+Mp0JEc5QtS83NGKnaLM7qfTeHfpk/RM6jAYkSq6tnY520xpzOrQmniUnYmHy/TjpoEu2/bVXq021RS9mMR2GlpBwOA3nJaJ52P5x+1yVWW66LajXsphrhMEF28EGQTG9M6g2f5h+0oKOnYaWX1G5fYmDryKDtNUtY4jc1x8Aitx5FL7Ydh/Zd6FU6ObtGTb/aVbB+Gj+h//mrR/ajbP8Oh+ip/+iSN6PVCB7ot6y4Dy1VzOjD97mjlJ+i5/T+x639iC7NFYv7Vak++osI/+OWn/ucVbU6fms6GNLZjIMc90DXmYnclF3Xd7B2Jr5d1sYd0fiBjVXVAceOTi4jKOUJXi3N/ah0X2m+KlZ5Yy0ObLnANEscNdl2QggBYmrUrVfjdUfzL3eq1ApiZjM6neeZXXrLGkB+U30Z2zXUSJOXM5+AT6xWYDD97lVROR7vmp1/gMGDEA55E6aIyWxOGSUpq/lHr5oZB3cfl8/FJDSMp/XqNjZBgxkagdlvyInzKUXnaAKro0yj9I0XOlW1np7/BoegvRd9qrFwY8tpDFLKeOak+7a7MAbzJP4dE46aXLUsjG+2pNaanto+AzssEnDOee9Za4elr7MyoxtSo0PIJFNxbMAjOCOKbXw51ZoBedHHMzJIGvXlqpu9djLgZM6SF34mt6iCD56qT71qH8Z7gB6BBUrpYNYRbaDVzvI32X9OK4KKlrcdcR5kom5au04EASBHEwVx1JvBRbTDTOEHvIjlC0JJStgnC1SHvtDELtOpCW0raN4I55jxGfkjaVpB0g8jPlr5LrU4vhnK4yXKL3nerrHWc1xjMbxx6+aEdB0yPh5K2zSDKZCjG9anuyOXqkVY5d6a3k6Wjk35JRaDl3rrxHk+b7v0LrytT2BuBuIkkR3dSBF71Gn3lEjkY8AfqmJzezm79pRj2MLTiIPUjOTT2Y/j4Mc8dyQJd98U6lRrQHBxnJw4Ak5iQm1U7P8w9Ckljp0hWZgydtZbvhdKdVfh/mH7SgndWLkxxxtqPwTJyPIoCudk8j6I0nXkfRLrS6Gu5H0VFwctWwZyoqFZ6tflQsOkwYLREcNSs2+tUcdt7ncyT6qPrpncvAmuWb6hSNUkUxiI1gjLnwXKlgcDBgd8+iB6C2rBjxZSRn3FO7RaAXEhcmXyJ6qidmLwYVcrABd/XnLQMoEEgE9wkxySICofjf3NAHnqtS0T/AEWZIT+POU71CeVjjjrQjgAGiIiWwhSrbO7Mfe5Vye1nPg96/KI1KA/L4ZJXa7GSdfFaCoPs5oeqyTmvOjNo99pPlCWz3cSn1UOa3eYHyUKFMAyEW8khOsvyTlD4NJ7PqXQxEFvUoEgb/mudoayv2ai6mFYX8yoE9XiloayssC5h6lMuP2FEO+/+ELYTvtnjflwdBHmrWXl+Zv6TPkfqqcuErwHUFSOWUexJQi+UGf8AqLXbAkzpIiN8KFpOz3/JVAAZ+ijaHkjZHj/Rd+DyopfUeR5niTnK4Ce/azmhhaYOI8Pynikda21D+M+MDyTy30Kjhnu4JVWszwky+RGUtjs8Px3jxpS5L+iNEOtAcajGlskNcYNSWuBDSeGq21cECCI2h6HQjIrD9H2EWmnI/P8A6bltqp2Y4OHmCujA7X7OLzklNr/kmd/IpZbPgd2XehTInI8j6JXbDsO7LvQrp6PM7R84B2e5UBEQIzlRJA3Lz9R9PpY1uarhG9GPtZB1CXXeQRrnuXKlQncpN7jqI4o28Hn16JXWqOGgkeHmhpKkxzutNHJp4J5PHU+Tv8VxaQrrJaQHAnP/AIXGMnVXUaAWlnbVE4eHCLsZfxDXDhzEKp9HgqjTXBiG9czO5IsbTgommY0Qza3UiGZpTM1Tj1eKrlEOYoEJ5EEUFQcFe4KLo4qTHRTCm1qnHAKQalCV4F7ArYXijQCstCi5uWpVncuFq24rQO6kN4lQNEHciD4qqoAkbKRRCz2JgeHzmJgcwR80c6qS2NNocNAD80FTaOtFBpjQaq+LyZQ4IZ/FhkdvmqLw/I8j6JZa3DC4TqCPJEup8VQ+i1dD/kJVwcUf4uGq3JmNN2GFWbsK1bqI4Kp1ALj9dntaEZxlgPBXNsCdexUH0/sLeq2HShV/Bgb132HUmPsO5R9mFtZqAhQKupUUQutRTbFZ0UCq30ANSr3OVLmdSYUpMDQL0qZaBvUS/gtZqNqdVFy8vJ5HMgd+9epLq8pPgoSCluXl5ZGZSdyseuLywWcqahDHVeXlgIvrfCqF1eU2PHg7R1Re5eXkvZpFBVJXV5YKKa2iHXl5Ky0eCL9VxdXlglbkO5eXk8TPghW1Vg0XV5VJk2Kt2q8vLA7A36lSK8vIhZ//2Q=="
Rice,Rice Huller Machine,Satake Corporation,4,10,5x2x3,30000,"data:image/jpeg;base64,/9j/4AAQSkZJRgABAQAAAQABAAD/2wCEAAkGBxITEhMSExEWExUVFxYZFRgXFhgXFxAWGBcaFhgVFRgYHjQgGRolHRYXIjIiJSkrLi8uFx8zODMsNygtLi0BCgoKDg0OGxAQGzElICYtLjYtNS0tKystLTUtKy0tMS0tLS0uLS0tLS0tLS0tLS0tLS0tLS0tLi0tLS0tLS0rLf/AABEIAM8A8wMBIgACEQEDEQH/xAAcAAEAAgMBAQEAAAAAAAAAAAAABAUBAwYCBwj/xABHEAABAwEGAgYGBwMKBwAAAAABAAIRAwQFEiExUQZBEyJhcXKRMoGhsbLBBxQjM0LR8FKCkiRDRFNjg7PC4eI0YnOTotPx/8QAGgEBAAMBAQEAAAAAAAAAAAAAAAECAwUEBv/EACwRAQEAAgECBAUDBQEAAAAAAAABAhEhAzEEEkFRBYGRwfAicaETIzKx4WH/2gAMAwEAAhEDEQA/APs7QI0WcI2RugWUGMI2TCNllEGMI2TCNllEGMI2TCNllEGMI2TCNllEGMI2TCNllEGMI2TCNl4qVQORXlloByzHf/oo2NuEbJhGySsqRjCNkwjZZRBjCNkwjZZQoMYRsmEbLKIMYRsmEbLKIMYRsmEbLKIMYRsmEbLKIMYRsmEbLKINNQZ6DyRKmqINrdAsrDdAsoCIiAiIgIiICIiAiIg0PqNxHE5ogA5kZZnMg6d8rX0zCZBBByBaZEgScx3FVPEtkY57HFok9UmNRmYPktTa9KzNZLYDjqANeU+6e0LPK6St7TbGUsGN4io/CNmmCc8+yPWvFK86bqjqQccbZkYXAZEAw4iDryKor2vfE6m6kwy3EJLQYmO3LT2L3d9vrOcOknCAY0GekQCf0FM8vui7dW10rKgWW0eSW69GUgC+QDkDyJ27D+t1aXYnisG6qJa60nLkMu/9QtVOvja140cJHdyWSq2jfYqpc2TyMeSkKvud8h+wdkOY1GfkrBWnYERFIIiICIiAiIg01NUSpqiDa3QLKw3QLKAiIgIiICIiAiLVaKhAkboNqKF9Zdv7Fqq2t4jPfkFXzQerzo4i3LmPmq29LNIDSFtt9HpwMWUbSPNBZw1oaAAAqZcpiiNA4j3qxs1KF66LMqUxoGZyCrjjpNrfSS1MD2lhEg8jMeY0OizTXvmrKtF02ToqYYTMFxHPInLMqU5QLzvNlENxakjLU4eboUyzvDhiaQQcwRoRuE2nT3QdgEDTXNe3V3bqjvy1VGWixsY4tbUqPDxl1gGggK7c3IqyHuxWvHkRBHkVKVXdXpHw/MK0VoCIikEREBERBpqaolTVEG1ugWVhugWUBERAREQEREBRrc4QM+fmpKh3kMmeMe4qL2EfEN1DvGqQARE8pyU5Qbz/AA+v5LOpj3ddZ72uLwAQ4gROkA8z2lb6y03SOofEfcF7tJExPJPQazTIg75hRb8pl1mrNAkmm4AASSSIAA71ctszalFrTtkdiuavaxODalM5EtcAR2ggEJf08ndb3YMNGkDkQxoI2IAkLzb7e2mJJBMGBPPt2C5rh57vq9LpAQ8NAcHDORkSZ7pU2xXc60Vc8mD0jsNu8/mq3K9omRTW6sariZl0idueQ7BAU/g28HU2Gk84sT3Frjyn8MctNd5WmvSDKrwG5B7oA7CQBmrB31KzONN73Ym5iQ9xg5j7tscz5LPpYZZZfp7rZ5Yycr+rQZUcx7mNLqZJYSPQJ1IW20WjC0nLRQrwtIpMaRTdUJPVa0iTGcy90er9CLab1s7W03PDx0jA5o6Os4hp5ODAcLtwc1tjhllN48s7ljO6zuWSS6MoieRMq2VJSvU4WOaAWOBgYS0xOWRzaY5EKysltZU0yOx1V57CSiIrAiIgIiINNTVEqaog2t0CysN0CygIiICIiAiIgKJeOjPGPcVLUS8dGeMe4qMuw0KvvX8P73yU9Qb0bIBygTJkCJiNVneyY23UyWHL8R9wWLc0A6cltus4WZ8zIzmRA2Wu8NZ5RuO3ko9BZ3cIpM7lFv60WdlMG0VWUQTDXPcG9aJgTrkNFKu8/ZM8K5vj+6RbKTKQqYMLi+cM5wWgRI3K041yhotLQIGJgBdGIvERvlnHqXV3dRY2mBTIc3cEHEeZkL5dejbQbTTNN+CmwND2/gcPxEtOZmBqTGegmfo3D9ofUYS4CJhsNwzvp2rLp2bWs4cvb2fbHte74l09MnreL5Bc/b46cDmXujt6y6GnqfF+SjGc0rnLz4suuXUa9oovwuhzHNdUAc3IjJpEg5eaubtvClWpipReHsMgESIIyIIIBEbEbL84Xtaf5RaOr/O1uf8AaOX2/wCjn/hHHes/4WBXt1ZPz0PLxcv2+66tRyHiqfGVvuT7w+E+8KNaNG+Kp8ZUm4/vD4T7wpndVeoiLQEREBERBpqaolTVEG1ugWVhugWUBERAREQEREBRLx0Z4x7ipaiXjozxj3FRl2FRfluNChUrBocWCYJgHONfWuMtPF1WrTINlZhcOVUzuCMpXT8Zn+R1/CPiC+cNJ6Idg/ywr9Pp45zVZ553C7i+pcZVqVMD6swNaABNR0+3MrqqFsNSjSqkAGoxjiBmBibMBfKKtSWnITOw7DyX0WzVHCy2PD/V0sXh6L84UdbDHpySHTzufNWt+8Rmy0aTW0+ke+m4tBdhAgQJMGZPzVNcfEdW0MYyvSDKzmPJLT9mHNDnAYdQIETiOvlC49tDGtsxealImkA1/RCrTfnJEY2kOE+0FOG7IAwWh1cVAWPNMBgpkSDT6w6R2hcTvmNs4yx1hMrOFplLlqVKs9Pp2lwdhgw9pGbmmcmmctCM/wD5PfIAzI2z9yqroq9G1wcIOMz25TluF6dU6vOGERIJOkTJz0Oq8W5G+k+swGpRccyDkeYnIwfWumZr+8uYdm6j5+5dKHZnI69n5q8ymO7VbNvzVedlqmvXIpuINWrEMJn7R22q+4fR6D9UzEHpanuasV+D7HiLi6rTJc50CuGhpeZdhBzAJV7d1hZRYKdNrsMk5mS4uMkk81H9XHzbtn1Xv+Op/wCfdprnJviq+yo4fJSbj+8PhPvCi1xDW+Kr7ajj81KuL7x3h+YW+N2xq9REWgIiICIiDTU1RKmqINrdAsrDdAsoCIiAiIgIiICh3jozxD3FTFEvHRnjHwuUZdhVXtd4r0X0i7CHiJGozB+S4q18GU6bmtNaoZBMw2O4r6Gqy92nquEZZGR5QqeaycGpXz+18OUGEA1KuYnJrPzXSU6g6GkwA4WNa0E6nC3DJjLNbfqeM4p57T5TovNtbgAE8hyj1rPLLKzlaSTstrRVFahTpMJa5obnkCCP2SQR7Oaq7Tc1cj797gPwucwz/DRB1zW26HTUG4pn2ub+SubWPs3xrHkpl3C8VzfEV0OFLDScMcDCXCIzgmWznE8l6qXdUeMi2YEzi156N0UHiRlQ2Z2MmJZBJn8Wi+b3jWDZAJJg6EQOwmcisrN3Wl52fVW0ajH0g9wIBaMp0JwgejvC6C8qr2U3uZGLFlIkagLk75tBbabCAYLgR6uoT7veu4ZSDjB0xT5LDxUtw1Pf7JwvO3F2niMgkVKlnDhkcTRIjlme32qz4fvp9d5GOm9oBnByPLMHvV7YyGNh1neTieSQxp9JxPMzoQlCkJq1OjwYnNABABgMA5dqy6ngsMMPNM7b+8TOrbdaRbYMm97/AIit9xt+0d4fmF4LZA73/GVKupsPPd8wul0+0Y3utURFsgRYLoWt1XZBsJXh1XZayVhB4qPMrCxU1RBNboFlYboFlAREQEREES323o8IAxOdOUxAGpJjtA9agPv0j+aH8f8AtW282g1BPJvvP+iimyMOo9pWWVy3wmabWX4T/ND1v/2rxaLye/DFNuRnOodiP2O1G2Vg5e0/mhs7do81G8k8Nf12p/Vs/wC67/1qO69A7E19IQDGTpBiJzwg5GR+6VttFMNw65mPYVV2umGucBpr/EcR9pVbbCRPsdQGcLQBOXZ+arb/ACQdBoOf+is7ob1D4j7gtdvsHS1MMwAAXbxnkO0wl5xJ3QuG6Ti4PjqimWzyxFzTHkCplqtRqHAw9Qek4fjjkOz3oazH4qFOQxrfw8zIEeHWTzUuzWUNbHZsfyUYzjRXzDiHias81LL0dINa/J2Fw9E5DN0bbaqqttnp1qRloY8ZHDlJGk9nepnEdx1qdapWwgsc90uEloIcciYgO0y7FVVq7o6Oi01ahzAaJk8ieQHad1pOIh3d/D+WXf2Yvc1d8AM+8riL6sxNqsb8oZIO8uiI/hK7Vrhn3nkd1SSXe1q9wEwj9ErGIJKnyY+0V3URr/RG5f7HFT7s9I93zVeGegeQD/aclNsJzPd81fFCzc8Ba3VF4RaAiIgIiINVTVEqaogmt0CysN0CygIiICIiCuvBoxA8yPmtC2W6oOkiRIAynNR69TC0uhzo5NEk8shzWV7pbFlRbNbQ8xgqNP8AzMI9qkoKy97ThNMROp8oVda67XOBg5jyjdW9vut9Uh4wwBGZMzqeXcqy23e5kTHPQzssst7Wmlnc/wB3pHWPyzW+nJq1AIENp8tQceWvZ7VHuZ32f7x+SuHdCAXAdfCBOYxETE8jqfNaY8xW93MXY7DWqMwkyBoJDTrLthy9auw0qBdlAZ1m1HNNRoxejAA5CRorKja21GujB+ISx4eAJIactCRBjlpJ1UYzhNUbbTahiFKpTYxxJwvoOdJOpLgc57lVi56oc57G2JjnZvLaVWiah5YsII56wrS3MNM4Q955yXvHqgGE4atlQ2hgdUdBY+Wl5cJEbnvUeuqlGtlYtqs+za4Foa5xa5xpgu1bGTZIzJ7N10TDr3u+IqA932dcb9D/AIhU+nz8T/jKmRFe1iVlYVlWkaDuUiw6nuWjkO5SLDqe5TBMREWgIiICIiDVU1RKmqIJrdAsrDdAsoCIiAiIgp7Y4io5rocCAWyJy0IM6wZ8wqq021rJ+wpnaKbJntkKx4he9rqbmsDhDgetESRHLT8gq21UpWWSVTU4mDZmyUxGvXwjzDMltfxAXMBZQwmYP2r8spBygkGHbaLzXsIMyJlZpWaMt/0P12rP9Xutwsbltz3OxVesBo1vVaDpMmXE+tSL/eH4Q0FuXI5yTy8lGslOFstcYmz2e9Tf8Uer1db2tY1pc0Go8hmc4yYyEaq6vJpYxznP6oiJPpaazp7dFCsFZrWBzYg5twxBBEyORGaoeMOKAKRYAS/EAMTRgBkZug8tlMvlh3S7geH2emC2A5glrtYIjC6Ow8lJuW4rNZQ8Wag2iHwX4Z62GYmTyk+ajXSOpT8I5ZHL2K1a0bBTOyKqL9dDvUFE4dqD6zTE54KmXl+a38Q+l6lQ2Km/pgWTLQTlqABms7dZLzs6k/d1u+h/ilWNM68us/Pl6blWU6jSKjSRiPQGNwKuvmol1cTzb6lkNIAUjWdjxelhJd6Mbndb4dPLPevSbv1ZZZzHW/V0CT+tVzF7casoUrG51Jz+mpdJkQMM4TnIz19igs+kiz86FUd2A/NbYeF62c82OPDLLxHSxurXXk5DuCkWDU9ygWauH06bxID6bHCdQHCRPbmp936u7gsJ3bJqIi0BERAREQaqmqJU1RBNboFlYboFlAREQEREFbe7ZgHQghVYEjPXQ94yK9X5xHZGOLXV2l7JDmAtlp2MnJchaeP6TJwUXPk+qY1Gh5BT/Q6l5mN+jO9bpy6uU+rp3Ul56Jcuz6RbLkHUrQ09jGEfGpTePbBEmpUEag0nT/4ghUvSyneX6LTPG9q6OgMp8+/mtdusLawLH4sJbnhdhOZPYdlT3fxnYakxaGtBIgPa9pkgbtjXtVBxxxPQa+m6z2tpqsBH2ZL4z6zHhugMDIxp2Knl3wvt1ZrvoYaDKY6NrQGEYiQAI1JzMrl+Mqf2c6Adb1EgeckLo+DL0+t2VtctLSXOaQTMFsDI7Kp44svSPpUgQC9zQCdAXENBPZmoyx9CV0dyVZoUXOyLqbCewloPPvVo2oNx5hc1xBaxUaaVmtVNldjut9qGOaBILXEaSS3I6x2LnuE6tvFVnTWtjqGOrjb09ImZeNJxwamfbM6FTodXxE+HeoKnumoelJFRtM4XNDiDElpOZBkaahW/E+jXAS3SRESeXkFzjS1o62ZcREiYM5R7RKTC28Hm1FpbKxFrs7Ro7DPqJXB8WVXC3WotcWnpaglpIMSQRI5LvrQR9Zo4uTqcHtLiMu/RfPuK/wDjbV/1qvxldP4Xj/cv7feOf8Qy/tz9/tVU+o92EOe5waIaHOJDG/stnQdgQFIRd2STs49tvd9vuvKhZx/YUvgCtLsdm7uHzVVYnRRoD+xpfAFrr3+2zk9UOES8kxgj0RpmTJy7t18njjcs9R9NbMcd11KKLdlsFajTqgQKjQ4DaRMKUps0mXYiIgIiINVTVEqaogmt0CysN0CygIiICLy5wC1uqIPmHE30e2utaa9djqOGo9zmgvcHQeRGGJ9aoa30e3g3Sk13hqM+ZC+1FF7sPiHVxknDx5eB6WVt5fB6vBt4N1stT90td8JUOtcNsb6Vlrj+7eR5gL9CItJ8Tz9ZGd+HYelr84VbJUb6dJzfEwj3haJGw8gv0sVpq2Wm70qbHd7QfeFefE/fH+f+KX4d7Zfw+JXRxlabPSbRpingaSQCzcyZIOeZWm8OJqtatTrVAJpuY5obk0FpBGRkfh1X2arw9Y3elZaJ/u2/kodXgu73f0Vg8Jc33FVnivD73enz8lr4Xr61M/8Ab41Zr0wPq1AwYqhJz0aXOxEgDvKr7UxtR5e4uLiQSYHIRy7l9oqfR3d50pvb3VHfOVDq/RhZDpUrN/eYfe1aTxHhL3x/hnfD+KnbL+Xzuy3qG2V1nxvk1WvaZMMABDgADlOXkt1hvCmHdeq4gQRixGIzyHIzC7Or9FVL8NqeO+m0+4hQqv0VVPw2tp76ZHucVfHreE1qXXy/4pej4rct5+ajZe1Ntek5r5Y1zHuGmIsMgElVXEdVr6la0NcHCpVccAMvbiJdpzA0ldNW+i+1j0atF3reP8qh1vo4t40ZTf4ag/zQrTPob82GeqrcOtZZljuOLNsA1a/+GVusdTpXtpsDnPeYa3CQXGJjbkV0VTga8B/RSe59M+5yiVOGbc3P6pXy5im4x/Ctp1Le3Un582V6cnfC/nydVe3F7Ohp07K7FU6NjXPLSBQLW4Tk4dZ86cueeirrjuuvbntp4jgZGN5GTe0/tPOfb7VF4Z4YtNer0ZpvpNyLnPY5oYOcSMzsF9kuq7adnptpUmw0ebjzc48yVzep5PDTy4c33/P9Oh0pn175s+J7NlhsraVNlJs4WNDROZgCM1vRFz7y94iIgIiINVTVEqaogmt0CytRrALW6tPNBvc8LW6oVqxhMYQekXnGExhB6RecYTGEHpF5xhMYQekXnGExhB6RecYTGEHpF5xhMYQekWMQTEEGUWMQTEEGUWMQTEEGUWMQTEEGUWMQTEEGUWMQTEEGUWMQTEEGupqiP1RB/9k="
Oats,Oat Flaking Machine,CPM Roskamp Champion,10,25,8x2x3,80000,"data:image/jpeg;base64,/9j/4AAQSkZJRgABAQAAAQABAAD/2wCEAAkGBxMTEhUSExMVEhUWFhUVFxgXGBoXGBcXHRcXGBgVGRcZHSggGBolGxcWITEhJSkrLi4uGh8zODMsNygtLisBCgoKDg0OFQ8PFSsdFRktKystKy0rLS0tLS0xLSstKysrLS0rLS0tLSsrLS0rKystLS0tNy0tLS0tKy0rKy03Lf/AABEIAM4A9QMBIgACEQEDEQH/xAAcAAEAAQUBAQAAAAAAAAAAAAAABgIDBAUHAQj/xABGEAACAQIEAwUFBgMFBAsAAAABAgADEQQSITEFQVEGImFxkRMygaGxByNCwdHwFFJyM0NTgqIVYpLxFhclY5OUo7LC0uH/xAAWAQEBAQAAAAAAAAAAAAAAAAAAAQL/xAAaEQEBAQEAAwAAAAAAAAAAAAAAARECITFB/9oADAMBAAIRAxEAPwDuMREBERAREQEREBERAREQEREBERAREQEREBERAREQEREBERAREQEREBERAREQEREBERAREQEREBERAREQEREBERAREQEREBERAREQEREBERAREQEREBERAREQEREBERAREQEREBERAREQEREBEpVwdiDY2069JVAREQEREBERAREQEREBERAREQEREBE1/H+KDC4atiWUuKSM5VbXNhtrI52K7T1sfSes9MUlV8i2v3jYF99wLgX65tBaBLTikG7qPMgfWUHiFL/EX1ExMg3sPQT2Z0X/APaVPkSfIE/QTw8STktQ/wCRvzEtXnkaq6eI9KdQ/AD6mUDiD/4Tb8yo05fiMpgiNHpx1TlTX4v+gnn8XW/lpjXqx09N4iBb9rX1OemDYfhYgEHoWHI/84Zqx/vQN7WQfDcysCIFplqH++fnsFFtrcjtY+ssYioaampnd7G1mOly5W1gBe2a3wHS8zJgcXxaIv3h09bm4AAG5OvKQRfjGNWniAhrVKVSsj1A3tCtMEWATcanWwA5eMlPZTGs1EIM1TIWBZri/e5Zhdhra/gZxn7TKlWrxH2dMACnRUlibLoWzsfLQWAv3Z177P6gGHpUi+aoKNNjfcrqL+V9JYiVRETQREQEREBERAREQESxicWiFAxsaj+zXQ6tlZrabaKd5fgIiICIiBjcRo06lNqdVQ6OpRlOzKRYg/Cajg2ApYeilCiuWnTBCg3J1OYsSR3iSxJPUmZ2Pzl7C2XIN98xJv8ACwlCg+Hqf0mbVe59bf8AL1njOAL/AE1ngvzt8xPdb8rfG9+X5yD2/wBZ4r36/r5Qb+HrC3tra/htAF9bWO178p7eUrm1uBvyPLlPHJsbDXlc6fHwgKb35HpqLX8QLmw85Xm/djKQT0+n6zx2PJbnTcgaX1+UD2nUuNivgbfkSJ7m8/Q/sTwE9D8v1lqrXIv3Te2lzofiL29IHvtfBlsbctdfjofXynN/tH7RpSxNMB2FWkhqU1Hul3ZAM5ANhkBNtCbaEZrzoRrKTbMBbx/fjOP9uezdWvjajUvfdEqOhayFlXJmU/0i2o9Igt1O1qYjOcRTC5wqK1G4tqbl85JI8h10M6x9nbg0XytnXMMh/wBy3dt4c/iZyLs52L9s7UsQ2UUyGCo39ot9TcC4FmU2Fj316zrPZWvTw6Ykm1OlR71hsqKG2+AmvqJhE4bi/tPxzuxRlpIScqhVJA5AsRqfGWf+sHHHer8gPpKO8ROEDt7jf8U/P9ZUO3eNJAFU689dPHeB3WJws9q8ad8TUHkbfQSc/ZjxqpW9tTq1GqMpV1LEk2NwRc8hYesCdxEQLOMxSUkLuwVRzP0HUzmnaDtrVqP903saY2uwBbkGYjYHkOZ003mJ9svFatPE0aYJFP2WcdC5dg3oAnrIEvHKh0zlb6Zte7fdtAToOgJgS2r2prZhSfEWexZC1+7UCnKe8dXzEdzlre82rcH4iVR/9pVu8ua4VwBoWu33lhYG2ltttzOTnG1aLirScqwvzNiDbMp12NhfnoDuAZ1v7Pe2aYmgKdaoPa5mTXcAljTVj+IZAFFTmRr3t5bghVftbxCmz0zjK11ZkOo3Vip3HhKqHbnijsUTE1XIXNZaaM2XmbBCQBpryuJicQ4G1XiGIpe09mPaM7Ei+UNZ9ANzdgNxOk9g+yS4NWqrV9qzkNcrb3dlvfRb5jtfXnYRohfC+3/Eq1SnRTFZmqMqL93Tb3ja+i69Z0M8P4uduKUf/KLfl0qbzS9ivs+OFxBxNSv7VwrKAEsMzWzPqTY2zDT+Y68p0BVtz9bn85NGFgqWKCKK1alWqa5nFMoDqSLKGNrCw+EvffdKR+LD8peCG99D8vh5fGGU+Hrv8pFaPjfARimptXoU6vs8+VS5yd7Lclbanuix5ay7wfAPh1ZFR2Qm6q1bOKY/kp5tVTwv8gBNwSeh+VvqIS4Gt/r+cDH/AIip/gt8GQ/nPP4tudGp8j+cuK7AksdMxI0sANAq3K7n3ib6E21Fp41RxT/CamUeC5+utjlB162HWMFBx3WnVH+Qn6SOcWwr1q5qHFYujTyKqU6IallILFnZrMHJJHIWA5yUPWb8IDEso6WW/eY6nZbkdTYc7yuvVK5bKWzNbS9lFiSxIB0sLeJIHOPIj/BMS9LMlbENWQW9mXQiqB0qOAA55XsJtv8AadH+cS+2ItlFic7ZRbUAWJLE2FhofiQOc9xFdVy5t3YIo0uSQSd+QVWY+CmPIsjH0j/eL6ymrUpMPeU/GWsTVUv7MrscwsbfhvY23Gp+XSY6UQTfIhuASCM1uWmgkGJxjIhRlIFyVvqFuRuT0GnxloYukFzVMq2GQOel9FB/ITM4gqIoP3agG5UgDMPxW0JBAN9AToBzmlxbJ7DKjK1gWNxlsjG+qXvfLdQNyeUiozjOI08MErh3VqVYhwadUCrh2ci13XulVbQ6Dugfy297bdoQoq4SlZhWFOo9QG4yZn7gtzJVTe+3nIpx7C0/Zs9N0Bu9xqSTfurYLYLYrsZrcLfIgY3KqFGgFlHujToOc3IyvIJdEpUSsTaPRL+GXc/D9fyliZlFbAfvXnAvrJV9neM9njUHKorUz8RmHzUesiyyQdh6WbHUB0Yt/wAKs35QO1xESKg32vcB/iMCaqj7zDk1R1Kf3i+VrN/kE4PRqqFYMDc5Sp5jXndr235dJ9XugIIIuCLEHmOYnzF2v4IcHjK2H1yhsyb6021U6b2uAT1BgYVVQ217WG/lr87zDw1ABrNpbQm17L1tz0+knHZrsJVxNJWNVKJdVdbqzHKQbCwIXXRtyQLdZIqH2R096mKqE/8Adoqf+7NGwRjsn2dqOr4olkVQUp2JBdzz03UfM26TqnB6DYfCotSoXa12ZjcAtrYeAvNBiOE18O6UqdRmteqrk2zotg9N1tbMuZWBWwYX00N5Fx/vUjb+U2t5aTFVn4SslgAyn4jc6k+dyTMwGQ9KQIBIHpKlQj3WZfIkQNvhu1WCqVTQTE0zVDMmQnKSykhlXMBmIIO15uJBcXhldGpVAr03N2RlBViTfMRb3r633vNtS4rWAA7hAtbTLty7plEliaE9oCou9MW6hv1l+lx+md1cfC8g28XmsfjVLISDmcKSE2LMBcKC1gLnS5tI5g+03EFRalfCUGWwLrQqk1kHO1NtHI6KxvyMompEo9kt72HMfT9JbwmJFSmlQBlDgEBhlbXYFTsfCX5BTkHj6kfSMnn6/rPbxeBF24MtHFviS72ctoSMoLJ3rfEHymWuOQAEFn0VT7NSxBGpBttpMDtyjPRxCFwqPQqIobQe0amQpvfTmLfGY/BOJIwpmm1NkcKzAkXAK3Gm4NzbW3PpJi3q32k+Iwue+2osTvNLT7KYdC19VZSppjRTtrZba2uNes2GMxYRczXI0GnjKsKS4De6CL9T+kYiG9uOF4bD4OrVpoEIyqtgBq7Kl/mPQTlSYkTo/wBpWOrVL4angqleirWdwlUsHAVlKGnys+9jqOu3Lscirlyo1MnMGVmJII0sbgEEHlN8pWeuJErGJE1KmVXlRuaFTMwA8/gP2Jslml4MLsT4W+YP5TbCuocITYkXF+etrDqf0lGSgkj7AYtVxlFtCHuoP9SkKR8bD4yNsbAnoCflLfAqpV6jpslVSlvduqJe1tPeB253kH0hEtYTECoiVF2dVYeRAI+sQq7OXfbjwHPRTGILtSPs6ml702PdJFxezG3+edRmLxTApXo1KLi61EZD5EWv5jeBznslxRXw1E0rEJkQZrZ1yBQyNlAueY0/Ep2kmxfGkQXZlUdWIA9TOCYj+IwdatQWo9N1Y03yMRexNjYbAjn0ImvxOMZqT0n+9DVUrBnZmYEI62Guvvc/5fTODr/aPtbSPsWpsKpVw4Kd5fZstSgWLDTLdiN918JKGYPSSx3RT6gT5oo1qqshpFyyiyLq2jEk0wvNSSe7zv1nY+x3EsQ4yuAQwFip1R9O7Ztx5yWK3WENlUHQ5QSCddgD6G4l/PPKoYZc+rEsDbpclenK371lN5BqsX2do1Kr1r1adR7ZzTrVEz2XKLgNbQDlabbBURTRUBYhRYFiWYjxY6kwDKpRax2Gz2INit7aZgCbd61xc6W32J6zzAYYrcaW0tYZR8Bc25mw6y+J7KaqalNZhsZQqDNTZXFyLjqN78xNlmM02J7LYJ2LNhaWYkkkLlvfe+W17+MDaUb7oxHiGMyVxdYbVCf6u9MPh2Dp0EFOkgpoCSFGwubm3xMy7iQX14tWG+RvMW+kupxZ27opm50BUjTx719vHSYctYWtWFayKSNtFvp1JgWe3DHIqnQg5jY3FzoACQL2HhzMjvZvgB9q2IositSPu1FZqTu29wrAocv4hcXIOUmT/H8NFVfvaYe3wI+KEGYuAxNKjlorTyozEXve7HrfU3ta99gJBqq/GL1KeHxVI4dn9186vRZtlCuADqTYBwhJOgMkeBygZAblAA3hpcX+F5rMZhab1KiuoqIaS0mVtQVYszA/6fSYfBcTWUPSZg/sHajUZrmpUGWm+HqX2zGk4zHmwa0CSVKl9vIT5u7VNfFVef32IP8A6pn0NhXuL+P6T5x49UvXc9WqH1cma5SrCGXBMZGPSXVbkdJobrgY94+X5y7xEglUvq1SiLc7Bi5Numk84IO4f6vymypUgCzW1a1z4AaD6+sqLzIGBU6ggg+R0IntVx7gOVipy9elx5XEqWWquFLVVY6KqMNCQSSyH4DuW+MDtP2eV2fh2HZ7XKttexUOwU67XUA2ubX3O8TZdnMKKWFoUwAoWjTFhoB3RfSJFbGIiBxj7b+A5a1PGINKo9nU6B1F0Y+JUf6JzQJ3b2vupudrjQ2vfcHw0+E+m+1nBRjMLVw9wGYXQn8LjVT5X0PgTPnfi/BMRhiUr0alIE2u3uG3MOO63PnzgefZ7UwyY1GxLBctxSupINXMChzA90gXtobnpOqe3oCvUWmmUgqTZcozm5bfnsb25zheKGuwsdDcA6jnt8p0DsNjgyXZiahZmYsxbPc+8CTtte3PXncywdIxSeljy58jf19ZgBwR1Ey1xQYai3lrLf8ACg+7b4TCrQaVL+/DTb99ZZrYJt/Xkbb2uNZ6pYbg/URovk+F/wB7yha6nYg+Rngq+HS1t/Q7TQ/9FgGb2WKxFJHdndFKbsbtkcpmp68wSfGUSSJawtLIoW5YgAFmtmawAzMQBdjbUy7AT1RfSUre2tr+E9ufw2vpvta+u3O0DJosisA1MuDfW9gPTrJBQqKVGSwHQC3wtI2KilyllDFbioSTk3ynKLE6g93QG28yeE44ElQd1DEQN4WmirYBVccxmzLfkb7fOZlfFgak2msp8RWpUAB2NvnrAyKS3qVv8g/0A/nI7VqFcY4F/vqKk66ZqDBSQOpGJT/hEkFGpbEVEP4lSop66ZCPhk+c0PaGj7Oth3FgHrVAWJ0GbD1SRroBejSPwkG+wNS1O55E3+s+cMc+apfqAfUkzoGJ+0XEUmqUjhkKspCks6HUbm6akX1A9Zz7EL39DoAB6TciPVErCykSoGUSHgo+7+JP79JskmDwpful+J+ZmesqLqTJwtAuyoN3KqPMmw+ZlhJ03sJ2VFMLiaw75F6a/wAgP4j/ALx+XnAmqLYADYC0SqJFIiICUVaSsCrAMDuCLg+YMriBDuJfZlw2s4qGiaZ5ikxRW81Gg/y2nN+2HYU4Gof4WqyIT7VAxuq3JBplj7p5At3WFgWU+93eolwRci4IuNCPEHrIliuyDZiyVblty9yT573ko0HZykfYU/aveoy5j3ctuq5TrpcAk/KbJ0y7gkdRy9AZkJwGrRQLkUqt/wCzHdAuTou438pZRiNjaZVVSqfytfnY6/v1lwVBzX0ni1Be7KCeux9RvL4Wm2xyHx/doFh8MjbEfQyweHkbEzNqYJhtr++ktZmXTUeB/QyYMCpRYcvSeK55/MWtNkK/UekFUPO3npA15eUrVF7Ag238NAdfgR6zKxGA5iYNbCsAR7wOljpAu1QGsLaG9zmtbw03BnmI4jToAM7BATlBIOUeZAso03NhLKMRoQR85iU6hbFPTY3pth6d0Pu61Kqv3dtRYGXRhY7jVQh3C3yVK1Mp7xvTqvTzAi3vZb87bSrslilqtmGZGR75W/3r2YHmtyR8I7D4MthmRu+Ur4hLtuctQjfqbGbvC8Mphw1ipOhPhva+thp1gZ2OwROU+0yvmYKToTmF8o+Ck2HjMXjdEVKuDTVbVKtW437lF0+tYTd+yGmgJGoJ5GxFwTzsSPiZrOJkLWwbHS9SvRv0zYerUvrsL0BIOafaRwz22WpTBLUnqowPMXBuLb20+cgK0mHK/lOycd4LibVvZ0zVLVcyWZQxuqgk5soGoJ001kT7U9jBgMD/ABFSqXxDVBmC/wBkLhjkW4zG1hrp5TUqIQDKgZVS4j3QzoQp2YqcptobG1jMzD+yqC4H5TQ3fDx92n9IMzUEwcA2gToLDxH6zb8NwL1qi0qYzOxsB+Z6Ab3lRlcE4U+JqijT3OpJ2VebGd0pJlUKOQA9JpezfZmjhFUgZquUq1TW5BIJAHIXUek3kikREBERAREQEREBMbFYCnU95RfqND6iZMQI/iuAMNabZvA6H12PymqrUGQ2ZSvn+R5yayl0BFiAR0OsmCF06rKe6bDpMpcdfR1B8v0M3GK4JTbVbofDUek1OK4TVTlmHVdflvJinsqb+61j0/8Aw/lMSt3DZ1sOTagH42yy2Zdp4ll2OnQ6iQUgjk1r7A6X/IzwVr7gH5Sv7s7rkPVNPVdj85XRwSEWVyfPf0gWCqnw85H+OYpcPiUcgtnw9UIq7u6VKbBRyGjsSx0UBidBJJVwjDlfy/Sc641Vz1qtQklKLtRrd4IDhyKZ/h0zd0lrZ3NxcHLfayQTLsJXZcJRD5czg1nFrEPWd6rb/wBdvDSbdsReuV0sANh+Lz6WkOo9p6RIYU6r31H3NT/6zcdlsZ7ZKdRgEdi/c1DWUsubKe8AbbHaKN7jSbJYAkuBY7HRtD4TF/iQ+R2RSVOdTzVipW4PXKzDyJl7iT2yf1X/ANLTW0XNguUiyJ3tLE6gqNb3Fhe4t3ha+toNxgqwIu3M2H6SKfbFV/7KrD+Z6Kj/AMRT/wDGSTCDur/UfpPOLcNXEqlB0FRWcEqb27oLC9ttQJYPlqlUrICFLBSdQNiRzI6idR+zLsy+OrLWq4XPhiCtRlc0VR7aFADdyCoBA0u/wHUsX9mHD6veq0iXO7I7psLABVOWwHhJPwXhdPC0KeHpAinTXKtzc23uTzNzNog+P+yiidaFepTO4DgVAPTKfrJJ2Q7MJg0Ooeq3vvytyVQdl+p+UhiAiIgIiICIiAiIgIiICIiAiIgIiIGPicDTqe8oJ67H1E1GK4ARrTa/g2h9RN/ECFV8OyGzqV89vgdjLREnLKCLEXHQzW4rglNtVuh8NvT9LSYIF2w4rWo4Cu6OQ4RRm0uLuqsQT7psTrynHMPiG94LY3NizDc3IGcHKjXvYgobFtZ3Ptr2Wr1sJWoUwGLhQCNbWdWuRvsDOY0eytehcZaFQgW/slDnqMjlB/qMDVUsbRJIupcbnJQqDz7tT2jeauxnUOxJulCzZhlqG4bMPfqW0qXqD1I0tyEgVWi4+5ZbA6LSdcwJ37lKvlJA6UqptyE6D2LFlortZKhsbgjvv+Cp94o8zbS3LWUbrjS3X1+lucj+Hp1MzWqMo0sNCPQ/laSjGUS3jM7gvZxKbe1qAPUOwOoQdAOvjJJqtbg72p7cyeXIcvO83XAVcg1GUoDogPvMuneI/Drew6WmZ/s6lmD5ACOm3ptMuakQiIlCIiAiIgIiICIiAiIgIiICIiAiIgIiICIiAiIgJhcU4bTrIQyqTyJHPzmbECAcR7OCxRh3ToUqAMh9bg+szOD8K9jkHuqqkBb3Aub6X1G/WTJhfQ6zEbhyX0ungp09DcD4TN5VgJQLtYf8vGboSmlSCiwlcsmIREShERAREQEREBERA//Z"
Corn,Corn Milling Machine,Alvan Blanch,20,50,12x3x4,150000,https://encrypted-tbn0.gstatic.com/images?q=tbn:ANd9GcRGPamX5O-4_GWvRplSoUR8li4jaXPSgr23GQ&s
Wheat,Wheat De-stoner,Alvan Blanch,50,100,6x2x3,15000,https://encrypted-tbn0.gstatic.com/images?q=tbn:ANd9GcRKEjcZKBqMy5_jKwRIgi8WG6V3SsJvVt7TXg&s
Rice,Rice Polishing Machine,Satake Corporation,5,15,4x1.5x2.5,25000,https://www.satakeindia.com/images/rice-polisher.jpg
Oats,Oat De-hulling Machine,Buhler Group,8,20,7x2x3,70000,https://encrypted-tbn0.gstatic.com/images?q=tbn:ANd9GcSX0nXowp2wVtkFz9x4h6hGqNLP2XiMniNz5A&s
Corn,Corn Dryer,Sukup Manufacturing,10,30,10x2.5x3,55000,https://encrypted-tbn0.gstatic.com/images?q=tbn:ANd9GcSfEqWSbZuFAqSxq2TQudlvtxutqHQslWnmqw&s
Wheat,Wheat Bran Separator,Buhler Group,60,120,11x3x4,45000,https://encrypted-tbn0.gstatic.com/images?q=tbn:ANd9GcSp4SGJJMveEWQOdkaKEJWLAPQmrgy9BgEHOw&s
Rice,Rice Grading Machine,Alvan Blanch,3,5,4x1.5x2.5,20000,https://encrypted-tbn0.gstatic.com/images?q=tbn:ANd9GcTo6zzFjjN5oohry8g70q2KQHEBGHbYJ5z6Ig&s
Oats,Oat Groat Cutter,ArrowCorp,15,40,9x2.5x3,35000,https://arrowcorp.com/wp-content/uploads/2019/07/rotary-granulator-1-500x500.jpg.jpg
Corn,Corn Peeling Machine,Huantai Machinery,25,60,13x3x4,60000,https://image.made-in-china.com/2f0j00mfAcJkurwnzZ/Maize-Peeler-Sheller-Shelling-Corn-Husking-Peeling-Machine.jpg
Wheat,Wheat Cleaning Machine,Milleral,30,80,7x2x3,40000,https://img.agriexpo.online/images_ag/photo-g/179944-17701861.jpg
Rice,Rice Whitener,Buhler Group,7,12,5x2x3,50000,https://dam.buhlergroup.com/rendition/cee85e04772f49c1b43f39b4838e8bac/-FPNG-TwebProduct_1x1-S800x800
Oats,Oat Rolling Machine,ArrowCorp,12,35,10x2.5x3,75000,https://arrowcorp.com/wp-content/uploads/2019/07/rotary-granulator-1-500x500.jpg.jpg
Corn,Corn Grits Machine,Satake Corporation,18,70,14x3.5x4,110000,https://encrypted-tbn0.gstatic.com/images?q=tbn:ANd9GcTndGe8Afs6peyPuE38c4QSpy-0ajGAcLVM-g&s
Wheat,Wheat Blending Machine,Satake Corporation,45,90,8x2.5x3,100000,https://5.imimg.com/data5/EG/WA/MY-5432555/satake-wheat-500x500.jpg
Rice,Rice Husker,Buhler Group,6,25,5x2x3,35000,https://encrypted-tbn0.gstatic.com/images?q=tbn:ANd9GcSX2jl4sSupIr-aQtNYQk56JYhclVM6LZi4RA&s
Oats,Oat Steam Conditioner,ArrowCorp,14,45,10x2.5x3,90000,https://arrowcorp.com/wp-content/uploads/2019/07/orion-air-screen-conditioner-transparent.png
Corn,Corn Steeping Tank,Alvan Blanch,22,65,15x3.5x4,130000,https://alvanblanchgroup.com/wp-content/uploads/2021/04/ALVANB3-3.jpg
Wheat,Wheat Grader,Buhler Group,55,110,12x3x4,120000,https://dam.buhlergroup.com/rendition/9c2b48a9af28463b84d790aa0282a3f1/-FJPG-TwebTeaser_16x9-S512x288
Rice,Rice Sifter,Satake Corporation,8,15,6x2x3,40000,https://www.satakeindia.com/images/rotary-sifter.jpg
Oats,Oat Sheller,ArrowCorp,11,30,9x2.5x3,80000,https://arrowcorp.com/wp-content/uploads/2019/07/rotary-granulator-2-500x500.jpg
Corn,Corn Grinder,Buhler Group,19,75,13x3x4,140000,https://dam.buhlergroup.com/rendition/c9cc458e203f44808ef19eeff00d8921/-FJPG-TwebChain_1x1
Wheat,Wheat Separator,Alvan Blanch,65,130,7x2x3,17000,https://encrypted-tbn0.gstatic.com/images?q=tbn:ANd9GcT1iGZpu92N5a3lzVqUba4MXKZdOi2Vh7sKGQ&s
Rice,Rice Dryer,Huantai Machinery,9,20,5x2x3,60000,https://5.imimg.com/data5/SELLER/Default/2024/8/445884675/PH/TT/KE/39993763/rice-dryer-machine-500x500.jpg
Oats,Oat Mill,Buhler Group,13,50,11x3x4,85000,https://dam.buhlergroup.com/rendition/94d51755566346a1ab571b264340e183/-FJPG-TwebChain_1x1
Corn,Corn Degerminator,Satake Corporation,21,85,14x3.5x4,145000,https://www.satake-group.com/inc/image/products/maize_other_grain_milling/small_size.png
Wheat,Wheat Washer,ArrowCorp,35,40,9x2.5x3,18000,https://www.kisankraft.com/wp-content/uploads/2022/07/AY-PWIM-888.jpg
Rice,Rice Destoner,Buhler Group,5,25,5x2x3,50000,https://5.imimg.com/data5/SELLER/Default/2024/3/397865301/NE/BE/LD/2946727/buhler-make-rice-destoner.png
Oats,Oat Flour Mill,ArrowCorp,17,55,12x3x4,95000,https://encrypted-tbn0.gstatic.com/images?q=tbn:ANd9GcTSyK2Jvg4SE6JFJMkM3ztQkNABDGrojpyL5g&s
Corn,Corn Puffing Machine,Buhler Group,23,80,15x3.5x4,150000,https://5.imimg.com/data5/SELLER/Default/2023/12/371317103/WH/BM/NU/2398814/corn-puff-extruder-machine.jpg
Wheat,Wheat Scourer,Milleral,85,140,10x3x4,115000,https://encrypted-tbn0.gstatic.com/images?q=tbn:ANd9GcSBVilPdFZrQRjUHiwGTT_YTteSpRoJkaaG9Q&s
Rice,Rice Whitening Machine,Satake Corporation,2,8,4x1.5x2.5,22000,https://www.satakeindia.com/images/rice-whitener.jpg
Oats,Oat Bran Finisher,ArrowCorp,16,60,10x2.5x3,82000,https://arrowcorp.com/wp-content/uploads/2019/07/orion-air-screen-conditioner-transparent.png
Corn,Corn Flour Machine,Satake Corporation,20,100,16x4x5,170000,https://encrypted-tbn0.gstatic.com/images?q=tbn:ANd9GcTozlrzFNPKNBMEShQOodS9Hw_YU30B2z7-Ow&s
Wheat,Wheat Peeler,Buhler Group,90,150,12x3x4,135000,https://encrypted-tbn0.gstatic.com/images?q=tbn:ANd9GcQNt-sv8Yd8Qc9Q09Kx0-OQ8moCZ7pJ76e17Q&s
Rice,Rice Silky Polisher,Huantai Machinery,7,20,6x2x3,70000,https://5.imimg.com/data5/SELLER/Default/2024/4/410418966/HM/ZR/NH/186205658/silky-rice-polisher-machine.jpg
Oats,Oat Grain Polisher,ArrowCorp,9,40,9x2.5x3,77000,https://arrowcorp.com/wp-content/uploads/2019/07/aeolus.jpg
Wheat,Wheat Impactor,Buhler Group,95,160,11x3x4,125000,https://encrypted-tbn0.gstatic.com/images?q=tbn:ANd9GcTiCW_G95FMpZLMM_PvBIknsMpGh5hAIJnlUQ&s
Rice,Rice Separator,Satake Corporation,4,15,4x1.5x2.5,35000,https://www.satakeindia.com/images/paddy-separator.jpg
Corn,Corn Cooking Tank,Alvan Blanch,24,110,15x3.5x4,135000,https://i.ytimg.com/vi/cqI_dacuZNI/maxresdefault.jpg
Wheat,Wheat Conditioning Machine,ArrowCorp,40,120,14x3.5x4,105000,https://arrowcorp.com/wp-content/uploads/2019/07/gravity-separator-transparent.png
Rice,Rice Milling Machine,Huantai Machinery,12,25,5x2x3,50000,https://encrypted-tbn0.gstatic.com/images?q=tbn:ANd9GcT_eWFmd2Add2WyX_TcG2O6hX_xflojEbrWCw&s
Oats,Oat Husking Machine,ArrowCorp,15,50,9x2.5x3,88000,https://encrypted-tbn0.gstatic.com/images?q=tbn:ANd9GcTfm9LphVFFdls1XWXruqoyil_VbHoIr6PBvA&s
Corn,Corn Flaking Machine,Buhler Group,30,125,16x4x5,155000,https://dam.buhlergroup.com/rendition/b82bb8598e1d422dab4d6ea33683cc0e/-FPNG-TwebProduct_1x1-S800x800
Wheat,Wheat Whitening Machine,Milleral,105,170,12x3x4,90000,https://www.milleral.com/content/images/thumbs/000/0000905.png
Rice,Rice Sorter,Buhler Group,8,30,5x2x3,55000,https://dam.buhlergroup.com/rendition/e0fb5c36acfa4df2889e1f9e5708221c/-FJPG-TwebTeaser_21x9-S1600x686
Oats,Oat Flour Milling Machine,ArrowCorp,18,65,10x2.5x3,95000,https://arrowcorp.com/wp-content/uploads/2019/07/rotary-granulator-500x500.jpg
Corn,Corn Wet Milling Machine,Satake Corporation,26,105,17x4x5,165000,https://www.satake-group.com/inc/image/products/maize_other_grain_milling/maize_milling.png
Wheat,Wheat Polishing Machine,Buhler Group,115,180,14x3.5x4,80000,https://img.directindustry.com/images_di/photo-mg/68538-18349857.jpg
Rice,Rice Thresher,Satake Corporation,10,35,6x2x3,45000,https://image.made-in-china.com/2f0j00dgVqNymfkYuC/Mini-Satake-Rice-Milling-Combined-Rice-Mill-Machine-Auto-Wheat-Flour-Mill-Plant-Price-Rice-Mill-Blower.jpg
Oats,Oat Groat Cutter,ArrowCorp,13,60,11x3x4,89000,https://arrowcorp.com/wp-content/uploads/2019/07/rotary-granulator-500x500.jpg
Corn,Corn Extruder,Buhler Group,28,130,17x4x5,175000,"data:image/jpeg;base64,/9j/4AAQSkZJRgABAQAAAQABAAD/2wCEAAkGBxISEhUTERMVFhIWGBUYGBcYFhgWFxYXFhodFhgXGhgcHiggGholHRgYITEhJS0rLi8wGCA1ODMtNygtLisBCgoKDg0OGxAQGy0lICIvLi4vMDcyNSstLi8rLy0tLS0wLS0uNy8rLS4tMS0tLS0yLTEtLy0tLy0tLS0tLS0rLf/AABEIAOAA4AMBIgACEQEDEQH/xAAbAAEAAwADAQAAAAAAAAAAAAAABAUGAQMHAv/EAEEQAAIBAgQDBQUECAQHAQAAAAECAAMRBBIhMQVBUQYTImFxBzKBkaEUQrHBI1JicoLR4fAkM2OSFUNTc7LC8Rb/xAAZAQEAAwEBAAAAAAAAAAAAAAAAAQIDBQT/xAAwEQEAAgECBAIJAwUAAAAAAAAAAQIRAyEEEhMxQVEUYXGRobHB0eEFIvAjMjNSgf/aAAwDAQACEQMRAD8A9xiIgIiICIiAiIgIiICIiAiIgIiICIiAiIgIiICIiAiIgIiICIiAiIgIiICIiAiIgIiICIiAiIgIiICIiAiIgIiICIiAiIgIiICIiAiIgIiICIiAiIgIiICIiAiIgIiICIiAiIgIiICIiAifFWoFBJ2Ehf8AFk5hvp/OBYRKevxfwF021AuNyP69NJGocXLi4YDyuLj1EDQxIuHxilRmYA8+U7xVXqPnA+4nXWrqoLMRYAk+gmYqduKG4By8iVO1gSTb+P8A2+YganN/fy/nGcTM4ftRTc6Og9QwtyN/Qrb+xLDEYtXpNdqZGU7PfUAkaWuTcDSBbgzmQeCsppAobqSxU+WY238rH4ydAREQEREBERAREQEREBERAREQEREDoxtDOhW9r8+hGs87xeBc06692pNQLksVu5BZr362I1PWelyoq9n6ZJZGdD+yQRrbkwNhoNJEjNU6rUsPRz+EIv6TMR4QtMAkeQa15T8UxjVHz1GzjUI2wtc6D+/nJnazjK4Nu5Zu9ZwWGgQj7upJsb5eVvdPWUnZXH0e7cVXKMXJGc8rADxDTlLcs92U6+nFuWbRlOrYrLkAZl8AOhIJuSST110+E76GMLjI9VirFEsbfeOovvqAR8ZTnjGDw1RkxFDEYhGGcVaSK6JdmzXJOh2Nr6adZ34DivDazp9kxTLUOndPTNmIIcG4UgMMumoGp6CRhfnjzXOIxuRmUKjLoSH1OYgX16DYek5p4imQzNh0Fre6dSWPK3pf+EeUpKpJJ717Pe11sAbDTwk72tzk1OE4nIpRc9OrYrUGWwYGwVgCTcgtrawy67yIWSTXoKQy02RluBcm1j6Xv8ZoWsADYXsLk6aH85kMRhMVSBz0yANb3IFvjaW/FcUqqGN9TT1AJuCum2vJoFpWCOpueRygG2wvfTW/PTawkzhfHTUqrSNvdXQg5icpJfpa6/WVuFxatTfwlbXy3FrgjQg/lNNwhAaNFrDN3VPW2tio5yRNiIgIiICIiAiIgIiICIiAiIgIiICV/GapVRYkXPI20tJ5NpnsXjWqDUjLe4HT4wK/jGFpV3Wk4FsviNgT0FvLf5TIYvhGGRiq0w6j76Erf8CfW81nFmp0z3jkKpVVZibacgTyF2PzmVxdUUyBfwsLqdQSPMHYiMyratZj90I78HpAK6vVpXvl1vsbX2Jte435GdFXhtU6riEqH7uceIHqpJJU+YAlpXxI8GosUW1/iD9QZwjA3KqCwViLdQNDY9N/hLc8sfRdLvEY9m3yZ40cRYo1MuCWF81723sSQbayDSwL0SxStjsOSSxKucgJN9FAXT+Ob3FG1KkgJQ2DE89rWzDle+kiLn+64b1sfrvHNHkrPDT4Xn5/OM/FnsL2l4klu64ktS3KvSH0IWqfqJp17U0nRRV0rEC+TMUvv79hYG2zW6W116OIYZSbPRSpYC5t963itcHQHT4SNw/gmGq1kUo63OwYgG2tt9tOknNZRFNenaYn25j6yt34swIVMJiGRiLuiKwIIPiBLgchv1E2/D+JJ3agU3phQAEYLcACw91iOXWRWog25BT+HIW2HKchFN9trHbYG4vzlHqWuBxiVkz0zddvQ+f4+hB5yRKbg4AqvltYoh023YD6S5hJERAREQEREBERAREQEREBERASqr8DQkshKk8r3XXy5fCWsQPMO1HaOjQL4eqHquAQ3dLoNPdJJUXA6H6iZLFdsqdKlanh2Kjk1QDS+1rNp5Xmi7adjMRSatiab06lIuXKsclRe8bYX8LWLbkiZfiPBMTSH+IwtRRzbLnT4ul1+s2itJju5GtxPF0tvTb1b7InCe1dJnP2vDsKRJK9y2tO4ANgSoIJUEi41JM0eFx+CJzYfF+IWOSv+huDoRnIKg6nc8pkBhaL6qbehnW/Cz91h8f6Sekyr+p77vRMfXNTu8hAJUFWDAqwboRsRYb296Q6r1E1ZCR1ALDruNpX4bH00FGkbsaN1FaxVStydtWtsNQNrx2m7RVKCocO1N8xAubMEI12FuXIzGa4ns6tdelq5i0e/K1xGPAqNYnU3BvuG1B+RlhwLG5q9MXvqeWuxmG4N2tREyYnCJWF9CGyFB0AKsDbz185qez2Lw9TEUKmHpVEVmYeN7kWUgnQkEXBFrDrE1mN06evW84q2vFKhWjcXv4T8zczs4RRR731Kt1tY3uL2t9Z9YnCq6ZHzWuLWJ66ajUW/Kc4XCpSJKLYkam++t9ddydZDZN4Z/n1P3F/8mlvKng9Ml3qcrBfiCSfxtLaAiQk4tQNQ0hVQ1F3UHUcj8jYeV5NgIiICIiAiJ81KgUXYgDqTaB9RAMQEREBERAREQPPfa3iqirRpK5FOoKmdRbxFGp5bki+hN9Jz7N+1/eU2o4uqodCMj1HANRWv4dQNVsOt8wnz7Wqd/sx/wC8Pn3Z/wDWZDs7iMGFqUa+DqV6hfMjUiQ+qjwkKQbA3N9b5tpvFYmkONfXtTjbRnwjv27fdC9o9Jf+I4ogc0Nxpe9Kmd/iZXUqSoi96uIpG3v2DI19QcrAcrbNI4DXcEWKswsVKsLa2Oxv8JtfsPEaNBKpRalA00YFWDWVgCoI0a9iBoDJnaIwy08al788fDOM/FijiyCQCGUHQ+6SOtjoPnOw4gWu6EDqRp89p8Y1M1RmAAzHNlGhF/LST8JRp0lasWd1p02qNSVsrEqt7XFiAOemwjqWjun0LS1J/ZMf8nE+6fu+eC4eg9ZAUVgb3B2NgTy/vaavDYLI4ZKZXdUsGC6jkL5QTc7a7yRgaeDGGTGUcOgZ0RwXGZhmtpc3sdTqOk0XZxVr0ix0DfdBB906EaaG/wCExvbml0+E4boVmszl8YbiFUqM7AeYGp+ek6qdfvMw767LuoaxXpcCUntDx/2TOVJuaedFPu3BNxb4X5Su7C4upXSpUauVRS2ZUULSqM6KS75hmzKdOW3SU3y9TW4bF1aYstRgByvoP4dZGxnGeT1Gbc2JNrehNvpKDF4rBqDnxVWrYaiimUHewzN6HUETD8MxSrXNRmYi5yFh3mha4VrkeG2+/odoyjOO70GtxxA9KwAyupuSBZTcN81uPjPUuG1VekrK6uCLhlIKn0I36fCeEVqlNvdaxN21zajy0vYWP9iTcPTrmmEWqdfEKYqZVuRcMdbEkDf0leZfD3OJ5NwzjuPwlN1NiNCO9fvCnUr4rkeVyBa+mt7HgntDqK+XGBclj4lUq6nzW9iD5Wlsow9IiZHC+0LCu+VlqICQAzBbC/M2JIHzmlr4+kls9VFvtmdRf0udZKHHEMQyKMguzGwlXxPDYkoAQKg3IRgjA+WYWI35j0lhjm8dLzaToETh9WoRZ6ZS1hqQb/ImSKlRVF2IA0GptqdhPuYz2o4lkoUioue9Glr38LAi3SxgbOJjez3a4mmBXpOpAsDYA+hBI+cv6HH8O3/Myn9oFfqRaBZxPmnUDC6kEHmDcfOfUBE+HMjVajcoGN9rVhTw7Hk7j5rf8pB9kb0C9fwn7T+tr/lHKLdPeHS+07Pao5bD0gf+rb503/lM32J4CMQKzjEVaNVGXKUIsAwJ1Gjbjkwm0f43IvWY47MRmcOr2qNl4jUI+9Tpn5L/AElTxrthiauDw1ClUYd2hSqqeAsqFe5a4NzotjtqNtZx2srH7S6VqwruihTUXlluMrA65hrfU77zRYDtDga2Dp4bEIzZKQpq2VWPgXLdCdUbppoecTG0K1vHVvmeXPn94n6vPk4/iBdWrOVYrnp1ACGCbC7DMo1Pu23lrhOIKD3lN+6bXQ6qLixALAgrrbW01XDuxOFxNHwVagfmrNSrD1KjUelxM9R7F4sLUyU1JBysqVVJ63AJGnxkZjwbcl9ptGY9/wCU+j2mxJpECooABUZUp5So0GlrbdJM9n3HqxVxnBZDqMttGJsTYC+w1GukzuHw7U0am6lWUkFSMpHPYyd7PB4q3on4tLalY5YlhwGtede1bTM7+Ld4zBLigDiArnfa3oOtvLnKHtiaFBcOrqcgYlUDBVvTKMulrm3IAgam95rcMvgX0mJ9pmENR8GquieKt4qhKqNE3IBt8ufLeZV7upr2mKTNZxL0PDcM4VxFO8p06b2NiUBpOpI2bLla/rJX/wCH4dkyHCUiP1iCX1/1L5/rPIcB2Y4phKBxWFxFJ1Fsy4euWc62UWUZX32vLLhXtM4lTIWvS7z9+mUawJXdbAG4I1B2jkz2Zek8kf1Ix6/Bc8S9mFcP/hsQO6LFbMCGSm51B5VLfC4GxO9HxzguM4exuhq01AC1sv6NkNvC2pyG+liR5EzZ4H2o4Y2GIpvRY9LVFFvMWb6TT4LtHg66/oqyPce6PfIP+mfF9JWdPHg109fTvvSzx7G4zE0corUnoMVzimwGUi+XMAbkb2I5X1tecV+Od6VVyrr4TdQFN+YuRy1Gs9gx+HoYymQ1OnVC5gCSjFH902IvlI56gyoq9isFWw5oU0FNg1xVVVL3DXALkHOpAAKnl0MpNd8t8y8uo01r1gqsUDuAAQDlBOwI6Dy5Swx9bxK6KlRDcKisDkpqcqrbfbU8iSTL7AezZ8O7VquIJ7sg0wo0e5IGcG5U7aA8/LXEKWQA1EOn6M5g1lYg7jlYajnpsZExMRtBzR4tFguO4gDw50pU9EQWHiJ90XFwNeXKTOEdu8WtZRUqLUpFgrKVF7E2urjW4873+sosLjqlFFs494sCrKwYFSARvpodvOdfDStUs5Vc6EMCosCdTrbTcDaW3ImMPQsV2urvm7kIo2BP6Qi2+xA+co8bja1S3eu9SxJF8uhItoFA0ldgVZQVfcM9ze4JDsptoOYkpahHPnzsd9bayyHCYnofzlqyFQLkAkbX8R+HOVpYH3gD/fnOvHcbekadNKVzWbIGGQKHsWs+t7ZVY3A5QPRezuMpiiiF1Di91JsbkkgWPrLqeBdratd8ZQo0xigSKZRaedO9cv8ApCDdTZaY0N7AnWwM914erilTFU3qBEDnTVrDMdNN7wO8z4anedkQMn2v7JNjcgGINNUObJkDKWsRm3BvZiN7Sv7P9imwbs/2h3zCxQAJTPQlbkkjXW83doIk804wy6FOfqY3Zmvw+mTd6SE9Sik/MiK+FpuuR0Rk/VZQy/Ii00T0QZFq4EcpDTDEYzsXh2OaiXoPuCjXW/7rbfwkSto8M4jg79wKVdDa4Cqrm3UGxP8AuM31TCkToKkS3NLGeHpnNdp9W34eMYniDYh6tV1CszagXsLALbX0mv4NwqjTw1CtTXLUqU1zkE2YgXvYmwN77b3mc7SUEp4zEJTUKoKEAaAZqSMfqSZueEYmnT4dSqVUZ0SmCQq5mNjbwgc5pqf2w5vAxjiNXmTcL7i+krO0PZlMbkzMy93nta2ue3M/uiYHC9scQ2TNUOUMt0QKrMAbkaakkaWvaeyYSoKlNKihlDqGCuuV1uL2YcjM5iYdHT1qa2YiOzzDGdgcTSuaNQMNRbVSR0535bkSkxOAxFH/ADabqo3P3fTNty5HnPbCJ8GmDykxqTDLV4DRv4YeZYLE8HqKExWCqI3/AFErVGa/XVlIH7Oo8pE4zwDAIufB8Qck3IpVKJYnyzgIF+IM9CxvZnDVN6ahuoGW587e98bzO472fkXNCr8G/NhsP4ZMWjLLU4bViuI5be2MfJl+G8exeHt/iTyAX/MF+gV7j5CaXh/tcrIxp4mgpYbjxUag8ypv+AlbRwOPwDGpSUqbauiq9wPKx0GupAliO3nfKEx2Ew+JTqyj53IZb+lpecT2w8+l1NKMalrRPszX6pXavt7SxeGWlhzVpuzjODZfAqsTZlJ+9l6THLjSuF7jTLn74nUtmWmyb/q5Sx/+ToxlOm1Q1KNJKKm/gRnK68/Gxt6LYeUgvhah5Eiw20G1ucnk2xEMZ4mLXm1rbe74Nf2RxmErUKdHGBclFq9yRqFbu3UqR4vezbdJqqnB+HnDV2wDCpUuHtTbPUUbZSvvZdSbHXXytPIxgag2W3xkvs8lWk7F2KXBF1ZrkEi9ypBtblrylLac93q0OPrtXMY7d2swIqqt6pOa7XuuWxZmc8ha+boJKS2Vieq29fFe3nb8JXYzilOoyU1pv3a3BJIBItpYkkC2/u6zig5LgBQUUkgHcixG+Ya7fKZTTE5xu6enq11IzScwsabZvd8WttLaHTQnYHWS+CYJDVSriaZSopIphnupH64AOUk9dxciSuznDmujHOFLGw0IJAvlva/56T0anSULlA06b/jC6Jwunu3XT+cnxEBERAREQE4nMQPgrOmphwZJnyyXgeYcQ9m9Rqr1DjMxc3JendtrAXDAaAAbDbYS87N8BOEpGmaz1bm4zaBf2UW5yjyvNRVw06lUjlLTaZjDGnD6dLTasbygikd7azup4cneWVIdRO4LKtkKnhvKfT4QHkPwky0WgVj4Q8j8/wCcjVKLDl8RrLu0+DTECiemGFjqOkzp7OUlRlqWao1gtQUwrKFUKut/e0uTcXudBNzUwwO4BkSrhLbX+OsImIl4PjKFb7WaSrclwgFgt2c+A2PI5l1Jms4f2Ixbi9atSpHkoVqh+JBAB9CZo8ZwTNjFrfZL+6TVFS12XLlYpfUra22ukvjRboZp1JiMQ8HoGne821IifL+ebzrifY+pSAP2kvcgWTCs1upNqmmkmUPZ47gEY4C4BscKQdeoNW4M3S6biQuPcXTDUGqtTzZbWANrkmw15CR1LebSP0/hv9IZGt7PK9FWq/akqCmrMVFMqSFBJHvHlIfDRqTyt+f9Jb4DtAcZRLlslMkq1O40tyJ1J+gn1hMAzm+HpMQbeI+FNL63Oh+F5WZme70aelTTjFIxDd9nKYXDUrWNxm011Ykn5Xt8JZyo7PYVqNFUcjNdiQvujMb2F9/5ky1EiGj6icTmAiIgIiICIiAiIgJxacxAREQEREBFoiBxacWn1ED4yzgrOycWgdD0QeUrOLcMSrTam63RhY/zB6jeXVp8vTB0IvAw3C+y2Gw4IVc1zc5zmF+ttuQ5cpeK5Ethg0HKHwimBAp4oiS6WNB3nW+A6T5XAmBPSqDOwSPSoWkgCBzERAREQEREBERAREQEREBERAREQEREBERAREQE4nMQOInMQEREBERAREQEREBERAREQEREBERAREQEREBERAREQEREBERAREQP/9k="
Wheat,Wheat Sieving Machine,Alvan Blanch,50,70,8x2x3,40000,https://www.alvanblanchgroup.com/wp-content/uploads/2024/10/xHorizontal_Polisher__HP2500__-_Manual_1-removebg-preview.png.pagespeed.ic.pWlmmU2Ei5.png
Rice,Rice Hull Separator,Huantai Machinery,11,35,6x2x3,70000,https://www.rice-machines.com/uploads/userup/1101/2Z1010Y227.jpg
Oats,Oat Bran Milling Machine,ArrowCorp,17,55,10x2.5x3,90000,https://arrowcorp.com/wp-content/uploads/2019/07/rotary-granulator-1-500x500.jpg.jpg
Corn,Corn Bran Separator,Satake Corporation,29,150,18x4.5x5.5,185000,https://www.satake-group.com/products/assets/brs_main.jpg
