Machine Name,Material,Type of Juicer,Motor Power (W),Juicing Speed (RPM),Weight (lbs),Noise Level (dB),Ease of Cleaning,Warranty (Years),Juice Quality,Customer Rating,Number of Reviews,Price (INR),Price (USD),Image URL
Aeitto Slow Juicer,Plastic (BPA-free),Masticating,150,40005,7.5,50,Easy,3,Good,4.3,310,10965,129,https://images-cdn.ubuy.co.in/650ed804b9693c52366f644b-aeitto-cold-press-juicer-whole-vertical.jpg
Aicok Slow Masticating Juicer,Tritan plastic (BPA-free),Centrifugal,150,80000,8.2,60,Easy,2,High,4.4,3500,10965,129,https://encrypted-tbn1.gstatic.com/shopping?q=tbn:ANd9GcQFr7JzfOV9G5-RiRNCpzj661uYm5BCUI-1_VlQFGgIxBH8P3B_T6LI9Ktm9Mk8cDYkQYc7tthq4ttjd-F78lb2oY_alVGJtfZyYZCccO51A2FUSIaoEPmV
Amzchef Slow Juicer ZM1501,"Steel, plastic (BPA-free)",Masticating,150,8000,6.2,55,Easy,2,High,4.3,330,7565,89,https://iamzchef.com/cdn/shop/products/slow_masticating_juicer_AMZCHEF_cold_press_juicer_professional_machine_ZM1501_grey_mini_1.jpg?v=1662514044
Amzchef Slow Masticating Juicer,"Stainless steel, plastic (BPA-free)",Centrifugal,850,14000,6.8,72,Moderate,1,Good,4,180,5865,69,"https://m.media-amazon.com/images/I/81nrdvMBlxS._AC_UF894,1000_QL80_.jpg"
Bagotte Centrifugal Juicer,"ABS, stainless steel",Masticating,1000,16000,7.5,70,Moderate,1,Good,4.3,420,7565,89,https://images-cdn.ubuy.co.in/634a156b6327fa7660401c94-bagotte-large-juicer-machines-1000w.jpg
Bella High Power Juice Extractor,"Steel, plastic (BPA-free)",Masticating,1000,12000,8.5,72,Easy,1,Moderate,4,300,6800,80,https://m.media-amazon.com/images/I/71hrX6KeVpL._SX679_.jpg
Bextcok Slow Juicer,"Steel, plastic (BPA-free)",Centrifugal,130,18000,7.5,60,Easy,1,High,4.5,1500,11050,130,https://encrypted-tbn0.gstatic.com/shopping?q=tbn:ANd9GcQ1wz5YVxm1cKQGJYoiEh67E2ARTyeygV1ecv-TBjYhJELMwpuxR50FE61B9cNMh5d89NzhVz94_wK0lO1eB-TOMnR-DQANkuPXOuITpCPqOvW4p27Y4Xz9AQ
BioChef Atlas Pro,"Tritan, steel",Centrifugal,250,4000,12,50,Easy,20,Excellent,4.6,320,42415,499,"https://m.media-amazon.com/images/I/61oFHOWi1oL._AC_UF894,1000_QL80_.jpg"
Breville Big Squeeze (BJS700SIL),"Plastic, Tritan, steel",Centrifugal,240,8000,13.2,52,Easy,2,High,4.5,450,33915,399,https://images.squarespace-cdn.com/content/v1/51969cd6e4b0ea3ba3f10b84/1548298316077-47GS9JX2AJS9F537BX9H/DSC_0626.jpg?format=1500w
Breville Bluicer Pro 3X,"Steel, plastic (BPA-free)",Centrifugal,1200,8000,15.2,75,Moderate,1,Excellent,4.6,450,33915,399,"https://assets.breville.com/cdn-cgi/image/width=1300,format=auto/BJB815/BJB815BSS1BUS1.jpg?pdp"
Breville Juice Fountain Cold Plus (BJE430SIL),"Steel, mesh",Masticating,1200,13000,13.2,80,Moderate,1,High yield with minimal foam,4.5,1200,25495.75,299.95,https://m.media-amazon.com/images/I/51dtdMsuq-L._SX679_.jpg
Breville Juice Fountain Compact,"Plastic, steel (BPA-free)",Centrifugal,700,12000,9.7,75,Moderate,1,Good,4.3,2500,16915,199,https://m.media-amazon.com/images/I/41E0+J48-UL._SY300_SX300_.jpg
Breville Juice Fountain Elite,"Metal, steel, titanium",Centrifugal,1000,9000,17.2,70,Moderate,1,Excellent,4.6,5000,25415,299,https://m.media-amazon.com/images/I/51I9sxGmFJL.jpg
Breville Juice Fountain Plus JE98XL,"Titanium, steel",Centrifugal,150,4000,7.6,50,Easy,3,Good,4.4,210,10965,129,https://m.media-amazon.com/images/I/61mrUr0IP9L._AC_SX679_.jpg
ChefWave CW-JE Citrus Juicer,"Steel, plastic (BPA-free)",Centrifugal,850,80000,21,45,Moderate,1,Excellent,3.7,158,15295.75,179.95,"https://assets.breville.com/cdn-cgi/image/width=1300,format=auto/JE98/JE98XL.jpg?pdp"
Cuisinart CCJ-500,"Steel, plastic (BPA-free)",Centrifugal,85,5000,3.9,45,Easy,1,Good,4.4,250,8415,99,https://m.media-amazon.com/images/I/41LEuCGHXaL._SY300_SX300_QL70_FMwebp_.jpg
Cuisinart CJE-1000,"Steel, plastic (BPA-free)",Centrifugal,25,89000,4,45,Very Easy,3,Good,4.4,6800,2465,29,https://m.media-amazon.com/images/I/41Zdo0N1YeL._SX300_SY300_QL70_FMwebp_.jpg
Dash Deluxe Cold Press Juicer (DCSJ255),"Plastic, steel (BPA-free)",Masticating,1000,14000,14.2,80,Moderate,3,Moderate,4.3,500,12665,149,https://www.cuisinart.com/dw/image/v2/ABAF_PRD/on/demandware.static/-/Sites-master-us/default/dw9863140f/images/large/CJE-1000P1_A.jpg?sw=1200&sh=1200&sm=fit
Dash Deluxe Compact Juicer,"Plastic, steel (BPA-free)",Masticating,130,6000,3.4,50,Easy,1,Good,4.2,400,19125,225,https://m.media-amazon.com/images/I/61wFn4SI01L._SX679_.jpg
Eurolux ELCJ-1700,"Steel, plastic (BPA-free)",Masticating,130,50000,3.4,65,Easy,1,Good,4.2,1500,6290,74,https://m.media-amazon.com/images/I/31J849vSxjL._SX300_SY300_QL70_FMwebp_.jpg
Fohere Juicer Machine,Research required,Masticating,160,45000,6,45,Very Easy,1,Good,4.5,750,4165,49,"https://m.media-amazon.com/images/I/71tUq9ZxxWL._AC_UF350,350_QL80_.jpg"
Gourmia GJ750,"Steel, plastic (BPA-free)",Masticating,160,3300,5.8,60,Easy,1,good,4.3,1500,4675,55,https://www.fohere.com/cdn/shop/products/71QVWIUQVxL._AC_SL1500.jpg?v=1663757646&width=713
Gourmia GMJ9970,"Steel, plastic",Masticating,800,12000,7.9,70,Easy,1,Moderate,4.1,200,6715,79,https://encrypted-tbn0.gstatic.com/images?q=tbn:ANd9GcRYIweLFRUyLp4aXnnNgFqQBpYOzwWW6Qp0DQ&s
Hamilton Beach 67951 Cold Press Slow Juicer,"Plastic, steel (BPA-free)",Centrifugal,0,0,15,0,Easy,1,High,4.5,800,5015,59,https://m.media-amazon.com/images/I/71+xBiW0YiL.jpg
Hamilton Beach Big Mouth,"Steel, plastic (BPA-free)",Masticating,150,80000,9.9,60,Very Easy,1,Smooth with minimal foam,4.4,1200,16999.15,199.99,https://hamiltonbeach.com/media/products/67951-01.jpg
Hamilton Beach Premium Extractor,"Steel, plastic (BPA-free)",Masticating,800,12000,9.3,80,Easy,3,Good,4.4,2000,5865,69,https://m.media-amazon.com/images/I/41tWA4kUx2L._SX300_SY300_QL70_FMwebp_.jpg
Hamilton Beach Pro 67650,"Steel, plastic (BPA-free)",Masticating,800,12500,8.5,75,Easy,5,Good,4.2,1100,7565,89,https://hamiltonbeach.com/media/products/67850-VPA-01.jpg
Hurom H101 Easy Clean Slow Juicer,"Plastic, steel (BPA-free)",Centrifugal,800,12000,8.2,70,Moderate,3,Good,4.2,450,8415,99,https://encrypted-tbn0.gstatic.com/images?q=tbn:ANd9GcR3q6z77lGowGi9gUA8qrqFY-tuSnhUJw68uw&s
Hurom H200,"Plastic, steel (BPA-free)",Centrifugal,150,15480,20.5,55,Very Easy,10,High,4.6,4000,33915,399,https://img.tatacliq.com/images/i12/658Wx734H/MP000000018691288_658Wx734H_202308111222461.jpeg
Hurom H310 Mini,"Plastic, steel (BPA-free)",Centrifugal,150,4300,10.6,50,Very Easy,10,Excellent,4.6,600,42415,499,https://encrypted-tbn0.gstatic.com/images?q=tbn:ANd9GcSSuoFxnRRjuuxSl5kBjwtSmP5SzKkLF5KMNA&s
Hurom H400 Easy Clean Slow Juicer,"Plastic, steel (BPA-free)",Centrifugal,150,4563,7.4,50,Easy,10,High,4.5,89,28815,339,https://encrypted-tbn0.gstatic.com/images?q=tbn:ANd9GcRXJwGHM4bc4EYTdHuZMbC7D2bF_dR_Sn4wLg&s
Hurom H-AA Slow Juicer,"Plastic, steel (BPA-free)",Centrifugal,150,4300,13.2,60,Easy,10,Smooth and nutrient-rich,4.7,500,42499.15,499.99,https://www.hurom.com/cdn/shop/files/preview_images/681df2b499da4ec6b1bcb4227c1c316c.thumbnail.0000000000.jpg?v=1715957098&width=1100
Hurom HZ Alpha,"Steel, plastic (BPA-free)",Centrifugal,150,43000,11.9,55,Moderate,10,Superior,4.7,3000,32215,379,https://hurom.co.in/wp-content/uploads/2023/02/h-aa-series-matt-silver.jpg
Jack LaLanne Fusion Juicer,"Steel, plastic (BPA-free)",Centrifugal,150,4300,11,50,Easy,10,High,4.5,410,38165,449,https://encrypted-tbn0.gstatic.com/images?q=tbn:ANd9GcT2oLF9JJSXXXsdm6OOOav6bwazsZe1sksbBg&s
Jocuu Slow Juicer,"Plastic, steel (BPA-free)",Masticating,800,14000,12,75,Moderate,1,Good,4.3,1200,8415,99,https://m.media-amazon.com/images/I/7149+HYKoRL._SX679_.jpg
Juiceman JM400,"Steel, plastic (BPA-free)",Masticating,150,8000,8.3,50,Easy,2,High,4.4,370,10965,129,https://jocuu.com/cdn/shop/products/d92e076f69cb1a6f81c9bab8cd8f57a2.jpg?v=1692261977&width=1445
Kensington Cold Press 16006,"Steel, plastic (BPA-free)",Masticating,700,12000,6.5,72,Moderate,1,Good,4,150,5015,59,"https://m.media-amazon.com/images/I/815z96Jg1cL._AC_UF894,1000_QL80_.jpg"
KitchenAid JE,"Plastic, steel (BPA-free)",Centrifugal,150,5000,7.6,52,Easy,3,High,4.3,200,16915,199,https://m.media-amazon.com/images/I/61cgXwUyNkL.jpg
KOIOS B5100,"Steel, plastic (BPA-free)",Masticating,150,6000,7.1,50,Easy,5,Good,4.3,300,10965,129,https://m.media-amazon.com/images/I/71W+vVVgPCL.jpg
Kuvings C7000P,"Steel, plastic (BPA-free)",Masticating,150,8000,9.5,50,Easy,10,Good,4.4,450,11815,139,https://m.media-amazon.com/images/I/41Hwia0FEkL.jpg
Kuvings CS600,"Steel, plastic (BPA-free)",Centrifugal,240,5000,14.1,55,Easy,10,High,4.4,600,38165,449,"https://m.media-amazon.com/images/I/719TAWSZiHL._AC_UF1000,1000_QL80_.jpg"
Kuvings EVO820 Whole Slow Juicer,"Steel, Tritan",Masticating,200,600,27.5,50,Moderate,10,High,4.6,320,135915,1599,https://m.media-amazon.com/images/I/717gWnkyzcL.jpg
Kuvings REVO830 Whole Slow Juicer,"Steel, plastic (BPA-free)",Masticating,240,50000,24.9,50,Moderate,10,Superior,4.8,2000,51000,600,https://www.kuvings.in/cdn/shop/files/EVO820_MB_02.png?v=1715511304&width=5000
Kuvings Whole Slow Elite,"Steel, plastic (BPA-free)",Masticating,240,18000,16.8,50,Moderate,15,Superior,4.7,2000,59500,700,https://img.tatacliq.com/images/i19//1316Wx1468H/MP000000023303021_1316Wx1468H_202408131937141.jpeg
Kuvings Whole Slow Juicer Elite C7000S,"Steel, plastic (BPA-free)",Centrifugal,240,50000,16.5,50,Easy,10,High,4.5,3000,42415,499,https://www.kuvings.in/cdn/shop/files/EVO810_R_01.png?v=1715658718&width=5000
Magic Bullet Mini,"Plastic, steel (BPA-free)",Masticating,240,60000,17.6,60,Moderate,10,High yield with minimal oxidation,4.6,1000,50995.75,599.95,https://m.media-amazon.com/images/I/719ox+LSLgL.jpg
Magimix Juice Expert 3,"Steel, plastic (BPA-free)",Masticating,400,15000,3.4,70,Easy,1,Moderate,4.1,1200,4675,55,https://m.media-amazon.com/images/I/41AEsg+mJuL._SY300_SX300_.jpg
Mueller Austria Ultra Juicer,"Steel, plastic (BPA-free)",Centrifugal,400,1500,11,70,Moderate,3,Moderate,4,210,25415,299,https://encrypted-tbn0.gstatic.com/images?q=tbn:ANd9GcQclu787J4zRC0rZrBVBksT5C3BVhKtF4pCfw&s
Nama J1 Cold Press Juicer,"Tritan, steel",Masticating,1100,18000,10.2,75,Moderate,2,Good,4.5,500,8415,99,https://m.media-amazon.com/images/I/71los-Uc+CL.jpg
Ninja NeverClog JC151,"Plastic, steel (BPA-free)",Masticating,150,15000,14,55,Easy,10,Superior,4.7,2500,33915,399,https://namawell.com/cdn/shop/files/Nama_J1_white.jpg?v=1731102793&width=900
NutriBullet Pro Juicer,"Steel, plastic (BPA-free)",Centrifugal,150,43000,7.9,60,Easy,1,Good,4.3,1800,16915,199,"https://res.cloudinary.com/sharkninja-na/image/upload/c_fit,h_900,w_900/v1/SharkNinja-NA/JC151_01?_a=BAKAACDX0"
NutriBullet Slow Juicer,"Tritan, steel",Centrifugal,1000,15000,9,75,Moderate,1,Moderate,4.2,700,8415,99,https://nbmedia.imgix.net/nb-juicer-pro-dtc-ecomm-product-pdp-page-3-config-1500-x-1201.jpg?auto=compress%2Cformat&ixlib=php-3.3.0&h=900
NutriChef PKSJ30,"Steel, plastic (BPA-free)",Masticating,150,50000,15.5,65,Moderate,1,Good,4.4,1700,16915,199,https://nbmedia.imgix.net/nb-slow-juicer-ecomm-config-empty-gray-bkgd-no-shadow-1180-x-945.jpg?auto=compress%2Cformat&ixlib=php-3.3.0&h=900
Omega J8006HDS,"Plastic, steel (BPA-free)",Masticating,150,50000,8.3,52,Moderate,1,Good,4.2,300,6715,79,https://encrypted-tbn0.gstatic.com/images?q=tbn:ANd9GcTxCw6dtrU-CgvR0GFeRR8sl0V5niHuzhoM_w&s
Omega MM900HDS,"Plastic, steel (BPA-free)",Centrifugal,200,80000,13,50,Moderate,15,Excellent,4.7,3000,31365,369,https://omegajuicers.com/cdn/shop/products/J8006HDS_PROP1_750x750.jpg?v=1671650236
Omega NC800HDS,"Plastic, steel (BPA-free)",Centrifugal,200,8000,13,55,Moderate,15,High,4.6,850,29665,349,https://omegajuicers.com/cdn/shop/products/MM900HDS_PROP2_750x750.jpg?v=1642443666
Omega NC900HDC,"Plastic, steel (BPA-free)",Masticating,150,80000,13.2,60,Easy,15,High yield with dry pulp,4.7,1500,32295.75,379.95,https://images-cdn.ubuy.co.in/6350a71d614d376e1e42aef1-omega-nc800hds-juice-extractor-and.jpg
Omega VSJ843QR Vertical Masticating Juicer,"Plastic, steel (BPA-free)",Centrifugal,150,43000,13,50,Easy,15,High,4.8,4000,27965,329,https://m.media-amazon.com/images/I/711ihxPFE-L._SX679_.jpg
Philips Avance HR1947/00,"Plastic, steel (BPA-free)",Masticating,150,43000,12.5,50,Easy,15,Excellent,4.8,3500,33915,399,https://omegajuicers.com/cdn/shop/products/VSJ843QR_berriescopy_750x750.jpg?v=1616606587
Philips HR1889/71 Viva Masticating Juicer,"Plastic, steel (BPA-free)",Masticating,200,43000,11.4,50,Easy,2,Excellent,4.5,360,33915,399,https://encrypted-tbn0.gstatic.com/images?q=tbn:ANd9GcR6aVYVp1N9Lh89rKFJXzYXzZYThjruI8inIg&s
Pure Juicer,Heavy-duty steel,Masticating,150,60000,11,55,Very Easy,2,Excellent,4.5,1600,16915,199,https://images.philips.com/is/image/philipsconsumer/vrs_a09b2aed306b7a889e2fcf8f74c49c4e9299c7dd?$pnglarge$&wid=960
Sage SJE430SIL,"Steel, plastic (BPA-free)",Masticating,0,0,68,0,Moderate,12,Excellent,4.8,120,212075,2495,https://encrypted-tbn0.gstatic.com/images?q=tbn:ANd9GcTIScUjRfAWVso26PKw6sgruVCjWvM9vPijwA&s
Sana 707 Classic Juicer,"Plastic, steel (BPA-free)",Centrifugal,1200,12000,10.5,75,Moderate,1,Good,4.4,360,16915,199,https://encrypted-tbn0.gstatic.com/images?q=tbn:ANd9GcRy_SLZjY3T2nmxpSGF7KcpLmS95JokTujAtg&s
Sana 727 Supreme Juicer,"Plastic, steel (BPA-free)",Centrifugal,150,65000,15,50,Easy,10,High,4.5,850,29665,349,https://sanausa.com/cdn/shop/products/sana707_black.jpg?v=1720624399&width=2000
Sana 848 Easy Clean Juicer,"Steel, plastic (BPA-free)",Centrifugal,200,80000,15.4,40,Easy,10,Superior,4.8,1200,50915,599,https://sanausa.com/cdn/shop/products/Sana-JuicerandOilExtractor-Blackcropsmall.png?v=1699649210&width=2000
Sana 868 Batch Juicer,"Steel, plastic (BPA-free)",Centrifugal,150,45450,12.5,45,Very Easy,10,High,4.6,950,42415,499,https://sanausa.com/cdn/shop/files/848mainblack1-layer_b6057476-52dd-4d11-b8b4-223e9936b177.jpg?v=1706715796&width=2000
Sana 878 Self-Feeding Juicer,"Plastic, steel (BPA-free)",Masticating,200,50000,16,55,Easy,10,Superior,4.8,700,42415,499,https://sanausa.com/cdn/shop/products/Sana868EUhopperBlack_accessories2SQ.jpg?v=1694387370&width=2000
Sana 929 Stainless Steel Juicer,Stainless steel,Masticating,200,50500,13.6,60,Moderate,10,High,4.7,1000,50915,599,https://sanausa.com/cdn/shop/files/sana_878_front_black_SQ2K.jpg?v=1721406121&width=2000
Sana Advanced Batch Juicer,"Steel, plastic (BPA-free)",Centrifugal,200,50000,20,55,Moderate,15,Superior,4.9,500,169915,1999,https://www.sana-store.com/admin/upload/images-cache/70885/1200x1200.jpg
Sana Commercial Citrus Press,"Cast iron, steel",Centrifugal,200,50000,17,60,Moderate,10,High,4.7,350,44965,529,https://encrypted-tbn0.gstatic.com/images?q=tbn:ANd9GcSv0x4VC-zTbZj9ftUwbmDIZe4UJO4IiWCTNQ&s
Sana Mini Juicer Pro,"Plastic, steel (BPA-free)",Masticating,0,0,10,30,Very Easy,5,Good,4.4,600,16915,199,https://m.media-amazon.com/images/I/61uqCDR64KL._SX679_.jpg
Severin ES 3569,"Plastic, steel (BPA-free)",Masticating,100,45000,9,50,Very Easy,5,Moderate,4.3,250,29665,349,https://sanausa.com/cdn/shop/files/Sana_878_front_SQ2K.jpg?v=1721406138&width=2000
SKG A10,"Plastic, steel (BPA-free)",Masticating,150,59000,9.2,55,Easy,2,High,4.2,210,16915,199,"https://m.media-amazon.com/images/I/61Z8JnaxmBL._AC_UF894,1000_QL80_.jpg"
Smeg CJF01 Citrus Juicer,"Aluminum, steel, Tritan",Centrifugal,250,43567,16,55,Moderate,5,High,4.4,310,16065,189,https://encrypted-tbn0.gstatic.com/images?q=tbn:ANd9GcRjAb5HnLI5kL3uIA8i8M14o7h40k4GEhGAww&s
SMEG SJF01,"Steel, Tritan",Centrifugal,0,0,11.6,50,Very Easy,1,good(citrus only),4.2,500,16915,199,https://assets.4flow.cloud/CJF01WHMEU.jpg?pEFs=cVY2M1MyN1ZOMFFadEQ5ZlVOMzhVOGY4UmJGdlVjdVhMRjlxSVdEdE9YZjZnV2ovNGsvRnMxK0pGck9UQ2RQc1Z5VWc0WjdWNUtzSVIvTS9LekdoTTRjV2Y5enJGaEpvWHpVTlMxVk5wc3d2QVlWTlJQMHZ3dFlOdHRYUDlkY3FlcHFJdjdJUUU2M3dKRmp5UWU1OFRSRUdCNWhEamNiZ3lJQkdlSC9LbDFRPQ
Tribest Greenstar Elite GSE-5000,"Steel, plastic (BPA-free)",Masticating,150,43231,11.2,55,Moderate,5,High,4.5,230,25415,299,https://encrypted-tbn0.gstatic.com/images?q=tbn:ANd9GcR_vT08aHbHkmuMZbPt-mRzwYxQkEGUxAHDWQ&s
Tribest Greenstar Pro GS-P502,"Steel, plastic (BPA-free)",Masticating,200,110000,17,60,Moderate,12,Superior,4.5,1500,46665,549,https://tribest.com/cdn/shop/products/11.jpg?v=1681257080
Tribest Shine Vertical Juicer,"Plastic, steel (BPA-free)",Centrifugal,200,11000,27,50,Moderate,15,Superior,4.7,700,50915,599,https://tribest.com/cdn/shop/products/1_dd7b9b4f-7c6f-4b7f-b0e4-db46a4193026.jpg?v=1610585726
Tribest Slowstar Vertical,"Plastic, steel (BPA-free)",Centrifugal,200,45670,4.8,50,Easy,2,High,4.5,190,13515,159,https://tribest.com/cdn/shop/products/shine_kitchen_co_SJV-107_lifestyle.jpg?v=1681844527
Tribest Solostar 4,"Plastic, steel (BPA-free)",Masticating,200,47000,18,55,Easy,10,High,4.6,1200,29665,349,https://tribest.com/cdn/shop/products/SW-2000-main-image-silver-1_db7a98b5-91e1-476e-aa11-603688eaf2ff.jpg?v=1619650393
Ventray 809,"Tritan, steel",Masticating,200,57000,14.3,50,Moderate,15,Excellent,4.6,200,27965,329,https://cdn.shopify.com/s/files/1/2605/7292/files/SS-4200_enzymes_1200x.jpg?v=1720480738
Ventray 870,"Tritan, steel",Centrifugal,200,60000,12.2,55,Easy,3,Excellent,4.5,220,19465,229,https://ventray.com/cdn/shop/products/809_productimages_4_0ce8dfc0-c265-48f9-9166-6d96cd2cd0c4.jpg?v=1656357813
Vitamix 7800,"Tritan, steel",Masticating,240,60000,13.4,54,Moderate,3,High,4.6,280,21165,249,https://encrypted-tbn0.gstatic.com/images?q=tbn:ANd9GcQCbfyV5O3JWX92BBTkSNtacEp01LcBElXikw&s
Wells 77,"Plastic, steel (BPA-free)",Centrifugal,150,55000,12.8,52,Easy,10,Excellent,4.7,330,42415,499,https://5.imimg.com/data5/SELLER/Default/2022/9/XR/TY/MG/159616591/image-500x500.jpg
ZENY Centrifugal Juicer,"Steel, plastic (BPA-free)",Centrifugal,150,45000,8.4,50,Easy,3,High,4.2,220,15215,179,https://m.media-amazon.com/images/I/31q4o9SFoxL.jpg
